,Date,Open,High,Low,Close,Adj Close,Volume
0,2017-01-03,28.950001,29.0825,28.690001,29.0375,27.257639,115127600
1,2017-01-04,28.9625,29.127501,28.9375,29.004999,27.227137,84472400
2,2017-01-05,28.98,29.215,28.952499,29.1525,27.365591,88774400
3,2017-01-06,29.195,29.540001,29.1175,29.477501,27.670675,127007600
4,2017-01-09,29.487499,29.8575,29.485001,29.747499,27.924124,134247600
5,2017-01-10,29.692499,29.844999,29.575001,29.7775,27.95228,97848400
6,2017-01-11,29.684999,29.9825,29.65,29.9375,28.102476,110354400
7,2017-01-12,29.725,29.825001,29.5525,29.8125,27.98514,108344800
8,2017-01-13,29.7775,29.905001,29.702499,29.76,27.93586,104447600
9,2017-01-17,29.584999,30.059999,29.555,30.0,28.161146,137759200
10,2017-01-18,30.0,30.125,29.9275,29.997499,28.158794,94852000
11,2017-01-19,29.85,30.022499,29.842501,29.945,28.109514,102389200
12,2017-01-20,30.112499,30.112499,29.932501,30.0,28.161146,130391600
13,2017-01-23,30.0,30.202499,29.942499,30.02,28.179924,88200800
14,2017-01-24,29.887501,30.025,29.875,29.9925,28.154106,92844000
15,2017-01-25,30.105,30.525,30.07,30.469999,28.602335,129510400
16,2017-01-26,30.4175,30.610001,30.4,30.485001,28.616419,105350400
17,2017-01-27,30.535,30.5875,30.4,30.487499,28.618765,82251600
18,2017-01-30,30.2325,30.407499,30.165001,30.407499,28.543667,121510000
19,2017-01-31,30.2875,30.3475,30.155001,30.3375,28.477962,196804000
20,2017-02-01,31.7575,32.622501,31.752501,32.1875,30.214567,447940000
21,2017-02-02,31.995001,32.3475,31.945,32.1325,30.162935,134841600
22,2017-02-03,32.077499,32.297501,32.040001,32.27,30.292006,98029200
23,2017-02-06,32.282501,32.625,32.224998,32.572498,30.575968,107383600
24,2017-02-07,32.634998,33.022499,32.612499,32.8825,30.866961,152735200
25,2017-02-08,32.837502,33.055,32.805,33.009998,30.98665,92016400
26,2017-02-09,32.912498,33.112499,32.779999,33.105,31.210558,113399600
27,2017-02-10,33.115002,33.235001,33.012501,33.029999,31.139854,80262000
28,2017-02-13,33.27,33.455002,33.1875,33.322498,31.415609,92141600
29,2017-02-14,33.3675,33.772499,33.3125,33.755001,31.823366,132904800
30,2017-02-15,33.880001,34.067501,33.654999,33.877499,31.938845,142492400
31,2017-02-16,33.9175,33.974998,33.709999,33.837502,31.901146,90338400
32,2017-02-17,33.775002,33.9575,33.775002,33.93,31.98834,88792800
33,2017-02-21,34.057499,34.1875,33.994999,34.174999,32.219326,98028800
34,2017-02-22,34.107498,34.279999,34.0275,34.2775,32.315956,83347600
35,2017-02-23,34.345001,34.369999,34.075001,34.1325,32.179253,83152800
36,2017-02-24,33.977501,34.165001,33.82,34.165001,32.209896,87106400
37,2017-02-27,34.285,34.360001,34.07,34.232498,32.273537,81029600
38,2017-02-28,34.27,34.360001,34.174999,34.247501,32.287674,93931600
39,2017-03-01,34.4725,35.037498,34.400002,34.947498,32.947617,145658400
40,2017-03-02,35.0,35.07,34.689999,34.740002,32.751991,104844000
41,2017-03-03,34.695,34.9575,34.647499,34.945,32.945255,84432400
42,2017-03-06,34.842499,34.942501,34.650002,34.834999,32.841564,87000000
43,2017-03-07,34.764999,34.994999,34.697498,34.880001,32.883987,69785200
44,2017-03-08,34.737499,34.950001,34.705002,34.75,32.761414,74828800
45,2017-03-09,34.685001,34.697498,34.262501,34.669998,32.686001,88623600
46,2017-03-10,34.8125,34.84,34.66,34.785,32.794411,78451200
47,2017-03-13,34.712502,34.857498,34.705002,34.799999,32.808563,69686800
48,2017-03-14,34.825001,34.912498,34.709999,34.747501,32.75906,61236400
49,2017-03-15,34.852501,35.1875,34.7575,35.115002,33.105537,102767200
50,2017-03-16,35.18,35.255001,35.064999,35.172501,33.159752,76928000
51,2017-03-17,35.25,35.25,34.9725,34.997501,32.994759,175540000
52,2017-03-20,35.099998,35.375,35.057499,35.365002,33.341225,86168000
53,2017-03-21,35.5275,35.700001,34.932499,34.959999,32.959408,158119600
54,2017-03-22,34.962502,35.400002,34.939999,35.355,33.331799,103440800
55,2017-03-23,35.314999,35.395,35.1525,35.23,33.213947,81385200
56,2017-03-24,35.375,35.435001,35.087502,35.16,33.147968,89582400
57,2017-03-27,34.8475,35.305,34.654999,35.220001,33.204521,94300400
58,2017-03-28,35.227501,36.009998,35.154999,35.950001,33.892757,133499200
59,2017-03-29,35.919998,36.122501,35.797501,36.029999,33.96817,116760000
60,2017-03-30,36.047501,36.125,35.875,35.982498,33.923386,84829200
61,2017-03-31,35.93,36.067501,35.752499,35.915001,33.859756,78646800
62,2017-04-03,35.927502,36.029999,35.762501,35.924999,33.869186,79942800
63,2017-04-04,35.8125,36.2225,35.7925,36.192501,34.12138,79565600
64,2017-04-05,36.055,36.365002,35.952499,36.005001,33.944607,110871600
65,2017-04-06,36.072498,36.130001,35.862499,35.915001,33.859756,84596000
66,2017-04-07,35.932499,36.044998,35.817501,35.834999,33.784328,66688800
67,2017-04-10,35.900002,35.970001,35.724998,35.7925,33.744263,75733600
68,2017-04-11,35.735001,35.837502,35.014999,35.407501,33.381302,121517600
69,2017-04-12,35.400002,35.537498,35.252499,35.450001,33.421368,81400000
70,2017-04-13,35.477501,35.595001,35.262501,35.262501,33.244591,71291600
71,2017-04-17,35.369999,35.470001,35.217499,35.4575,33.428425,66328400
72,2017-04-18,35.352501,35.509998,35.2775,35.299999,33.279942,58790000
73,2017-04-19,35.470001,35.5,35.112499,35.169998,33.157387,69313600
74,2017-04-20,35.305,35.73,35.290001,35.610001,33.572208,93278400
75,2017-04-21,35.610001,35.669998,35.462502,35.567501,33.532143,69283600
76,2017-04-24,35.875,35.987499,35.794998,35.91,33.855045,68537200
77,2017-04-25,35.977501,36.224998,35.967499,36.1325,34.064796,75486000
78,2017-04-26,36.1175,36.150002,35.845001,35.919998,33.864464,80164800
79,2017-04-27,35.98,36.040001,35.827499,35.947498,33.890396,56985200
80,2017-04-28,36.022499,36.075001,35.817501,35.912498,33.857391,83441600
81,2017-05-01,36.275002,36.799999,36.240002,36.645,34.547981,134411600
82,2017-05-02,36.884998,37.022499,36.709999,36.877499,34.767174,181408800
83,2017-05-03,36.397499,36.872501,36.067501,36.764999,34.661114,182788000
84,2017-05-04,36.630001,36.785,36.452499,36.6325,34.536194,93487600
85,2017-05-05,36.689999,37.244999,36.689999,37.240002,35.108944,109310800
86,2017-05-08,37.2575,38.424999,37.2575,38.252499,36.06348,195009600
87,2017-05-09,38.467499,38.720001,38.362499,38.497501,36.294472,156521600
88,2017-05-10,38.407501,38.485001,38.0275,38.314999,36.122417,103222800
89,2017-05-11,38.112499,38.517502,38.077499,38.487499,36.434814,109020400
90,2017-05-12,38.674999,39.105,38.6675,39.025002,36.943645,130108000
91,2017-05-15,39.002499,39.162498,38.762501,38.924999,36.848969,104038800
92,2017-05-16,38.985001,39.014999,38.68,38.8675,36.794537,80194000
93,2017-05-17,38.400002,38.642502,37.427502,37.5625,35.559143,203070800
94,2017-05-18,37.817501,38.334999,37.782501,38.134998,36.101112,134272800
95,2017-05-19,38.345001,38.494999,38.157501,38.264999,36.224174,107843200
96,2017-05-22,38.5,38.645,38.227501,38.497501,36.444279,91865600
97,2017-05-23,38.724998,38.724998,38.327499,38.450001,36.399307,79675600
98,2017-05-24,38.459999,38.5425,38.1675,38.334999,36.290443,76712000
99,2017-05-25,38.432499,38.587502,38.2575,38.467499,36.415871,76942400
100,2017-05-26,38.5,38.560001,38.327499,38.4025,36.354347,87710400
101,2017-05-30,38.355,38.607498,38.3325,38.4175,36.368538,80507600
102,2017-05-31,38.4925,38.5425,38.095001,38.189999,36.153175,97804800
103,2017-06-01,38.2925,38.3325,38.055,38.294998,36.252586,65616400
104,2017-06-02,38.395,38.862499,38.2225,38.862499,36.789818,111082800
105,2017-06-05,38.584999,38.612499,38.365002,38.482498,36.43008,101326800
106,2017-06-06,38.474998,38.952499,38.445,38.612499,36.553143,106499600
107,2017-06-07,38.755001,38.994999,38.619999,38.842499,36.770874,84278400
108,2017-06-08,38.8125,38.884998,38.599998,38.747501,36.680943,85003200
109,2017-06-09,38.797501,38.797501,36.505001,37.244999,35.258579,259530800
110,2017-06-12,36.435001,36.522499,35.627499,36.355,34.416054,289229200
111,2017-06-13,36.790001,36.862499,36.287498,36.647499,34.692944,136661600
112,2017-06-14,36.875,36.875,35.959999,36.290001,34.354507,126124800
113,2017-06-15,35.830002,36.119999,35.552502,36.072498,34.148605,128661600
114,2017-06-16,35.945,36.125,35.549999,35.567501,33.670547,201444400
115,2017-06-19,35.915001,36.685001,35.915001,36.584999,34.633785,130165600
116,2017-06-20,36.717499,36.717499,36.235001,36.252499,34.319012,99600400
117,2017-06-21,36.380001,36.517502,36.1525,36.467499,34.522545,85063200
118,2017-06-22,36.442501,36.674999,36.279999,36.407501,34.46574,76425200
119,2017-06-23,36.282501,36.790001,36.2775,36.57,34.619576,141757600
120,2017-06-26,36.7925,37.07,36.345001,36.455002,34.510704,102769600
121,2017-06-27,36.252499,36.540001,35.904999,35.932499,34.016075,99047600
122,2017-06-28,36.122501,36.5275,35.790001,36.4575,34.513084,88329600
123,2017-06-29,36.177502,36.282501,35.57,35.919998,34.004242,125997600
124,2017-06-30,36.112499,36.240002,35.945,36.005001,34.084717,92096400
125,2017-07-03,36.220001,36.325001,35.775002,35.875,33.961643,57111200
126,2017-07-05,35.922501,36.197498,35.68,36.022499,34.101284,86278400
127,2017-07-06,35.755001,35.875,35.602501,35.682499,33.779411,96515200
128,2017-07-07,35.724998,36.1875,35.724998,36.044998,34.122578,76806800
129,2017-07-10,36.0275,36.487499,35.842499,36.264999,34.330837,84362400
130,2017-07-11,36.182499,36.462502,36.095001,36.3825,34.442081,79127200
131,2017-07-12,36.467499,36.544998,36.205002,36.435001,34.491783,99538000
132,2017-07-13,36.375,37.122501,36.360001,36.942501,34.972206,100797600
133,2017-07-14,36.9925,37.3325,36.8325,37.259998,35.272778,80528400
134,2017-07-17,37.205002,37.724998,37.142502,37.389999,35.395844,95174000
135,2017-07-18,37.299999,37.532501,37.1675,37.52,35.518909,71475200
136,2017-07-19,37.619999,37.855,37.487499,37.755001,35.74139,83692000
137,2017-07-20,37.875,37.935001,37.547501,37.584999,35.580452,68974800
138,2017-07-21,37.497501,37.610001,37.220001,37.567501,35.563881,105010400
139,2017-07-24,37.645,38.110001,37.474998,38.022499,35.994614,85972800
140,2017-07-25,37.950001,38.459999,37.950001,38.185001,36.148449,75415600
141,2017-07-26,38.337502,38.482498,38.264999,38.365002,36.318848,63124000
142,2017-07-27,38.4375,38.497501,36.825001,37.639999,35.632511,129905200
143,2017-07-28,37.4725,37.557499,37.297501,37.375,35.381645,68854800
144,2017-07-31,37.474998,37.5825,37.032501,37.182499,35.199413,79383600
145,2017-08-01,37.275002,37.555,37.102501,37.512501,35.51181,141474400
146,2017-08-02,39.82,39.9375,39.040001,39.285,37.189777,279747200
147,2017-08-03,39.262501,39.302502,38.755001,38.892502,36.818211,108389200
148,2017-08-04,39.017502,39.349998,38.922501,39.0975,37.012287,82239600
149,2017-08-07,39.264999,39.73,39.1675,39.702499,37.585003,87481200
150,2017-08-08,39.650002,40.4575,39.567501,40.02,37.885582,144823600
151,2017-08-09,39.814999,40.317501,39.7775,40.264999,38.117508,104526000
152,2017-08-10,39.974998,40.0,38.657501,38.830002,36.903404,163217200
153,2017-08-11,39.150002,39.642502,39.017502,39.369999,37.416603,105028400
154,2017-08-14,39.830002,40.052502,39.6875,39.962502,37.97971,88490800
155,2017-08-15,40.165001,40.549999,40.035,40.400002,38.395512,117862000
156,2017-08-16,40.485001,40.627499,40.037498,40.237499,38.241055,110686400
157,2017-08-17,40.130001,40.177502,39.459999,39.465,37.506886,111762400
158,2017-08-18,39.465,39.875,39.18,39.375,37.421349,109712400
159,2017-08-21,39.375,39.4725,38.7775,39.302502,37.352451,105474000
160,2017-08-22,39.557499,40.0,39.505001,39.945,37.963074,86418400
161,2017-08-23,39.767502,40.1175,39.720001,39.994999,38.010593,77596400
162,2017-08-24,40.107498,40.185001,39.637501,39.817501,37.841908,79275600
163,2017-08-25,39.912498,40.139999,39.817501,39.965,37.982082,101920400
164,2017-08-28,40.035,40.5,39.982498,40.3675,38.364613,103864000
165,2017-08-29,40.025002,40.779999,40.0,40.727501,38.706749,118067600
166,2017-08-30,40.950001,40.9725,40.6525,40.837502,38.811287,109078400
167,2017-08-31,40.91,41.130001,40.869999,41.0,38.965733,107140400
168,2017-09-01,41.200001,41.235001,40.907501,41.012501,38.977612,66364400
169,2017-09-05,40.9375,41.0625,40.139999,40.52,38.509556,117874000
170,2017-09-06,40.677502,40.747501,40.130001,40.477501,38.469158,86606800
171,2017-09-07,40.522499,40.560001,40.09,40.314999,38.314724,87714000
172,2017-09-08,40.215,40.287498,39.6325,39.657501,37.689838,114446000
173,2017-09-11,40.125,40.512501,39.9725,40.375,38.371738,126323200
174,2017-09-12,40.6525,40.990002,39.692501,40.215,38.219681,286856000
175,2017-09-13,39.967499,39.990002,39.477501,39.912498,37.932186,179629600
176,2017-09-14,39.747501,39.849998,39.522499,39.57,37.606678,95042800
177,2017-09-15,39.6175,40.2425,39.5,39.970001,37.986835,196458400
178,2017-09-18,40.0275,40.125,39.5,39.6675,37.699345,113077600
179,2017-09-19,39.877499,39.942501,39.610001,39.682499,37.7136,83242400
180,2017-09-20,39.474998,39.564999,38.4575,39.017502,37.081596,211805600
181,2017-09-21,38.950001,38.950001,38.1875,38.3475,36.444836,150046800
182,2017-09-22,37.884998,38.067501,37.639999,37.9725,36.088444,186581600
183,2017-09-25,37.497501,37.9575,37.290001,37.637501,35.770069,177549200
184,2017-09-26,37.945,38.48,37.922501,38.285,36.385441,146640000
185,2017-09-27,38.450001,38.68,38.384998,38.557499,36.644417,102016800
186,2017-09-28,38.4725,38.57,38.174999,38.32,36.418701,88022000
187,2017-09-29,38.302502,38.532501,38.0,38.529999,36.618282,105199200
188,2017-10-02,38.564999,38.612499,38.18,38.452499,36.544628,74795200
189,2017-10-03,38.502499,38.772499,38.477501,38.619999,36.703815,64921200
190,2017-10-04,38.407501,38.465,38.115002,38.369999,36.466221,80655200
191,2017-10-05,38.544998,38.860001,38.512501,38.8475,36.920021,85135200
192,2017-10-06,38.7425,38.872501,38.639999,38.825001,36.898643,69630400
193,2017-10-09,38.952499,39.182499,38.872501,38.959999,37.026947,65051600
194,2017-10-10,39.014999,39.5,38.775002,38.974998,37.041206,62468000
195,2017-10-11,38.9925,39.244999,38.9375,39.137501,37.195648,67622400
196,2017-10-12,39.087502,39.342499,38.932499,39.0,37.064964,64500400
197,2017-10-13,39.182499,39.32,39.102501,39.247501,37.300179,65576800
198,2017-10-16,39.474998,40.0,39.412498,39.970001,37.986835,96486000
199,2017-10-17,39.945,40.217499,39.807499,40.1175,38.127022,75989200
200,2017-10-18,40.105,40.177502,39.900002,39.939999,37.958317,65496800
201,2017-10-19,39.1875,39.27,38.755001,38.994999,37.060211,170336800
202,2017-10-20,39.1525,39.4375,38.990002,39.0625,37.124367,95896400
203,2017-10-23,39.2225,39.422501,38.875,39.0425,37.10535,87937200
204,2017-10-24,39.072498,39.355,39.049999,39.275002,37.326321,71028800
205,2017-10-25,39.227501,39.387501,38.817501,39.102501,37.162384,84828400
206,2017-10-26,39.307499,39.4575,39.195,39.352501,37.399975,68002000
207,2017-10-27,39.822498,40.900002,39.674999,40.762501,38.740021,177816800
208,2017-10-30,40.9725,42.017502,40.93,41.68,39.611984,178803200
209,2017-10-31,41.974998,42.412498,41.735001,42.259998,40.163212,144187200
210,2017-11-01,42.467499,42.485001,41.4025,41.7225,39.652382,134551200
211,2017-11-02,41.650002,42.125,41.32,42.0275,39.942253,165573600
212,2017-11-03,43.5,43.564999,42.779999,43.125,40.985294,237594400
213,2017-11-06,43.092499,43.747501,42.93,43.5625,41.401085,140105200
214,2017-11-07,43.477501,43.8125,43.400002,43.702499,41.534145,97446000
215,2017-11-08,43.665001,44.060001,43.5825,44.060001,41.873905,97638000
216,2017-11-09,43.7775,44.025002,43.285,43.970001,41.788372,117930400
217,2017-11-10,43.7775,43.845001,43.567501,43.6675,41.65007,100582000
218,2017-11-13,43.375,43.625,43.349998,43.4925,41.48315,67928400
219,2017-11-14,43.259998,43.369999,42.794998,42.834999,40.856026,99130000
220,2017-11-15,42.4925,42.580002,42.095001,42.27,40.317131,116632400
221,2017-11-16,42.794998,42.967499,42.575001,42.775002,40.798798,94550000
222,2017-11-17,42.759998,42.8475,42.41,42.537498,40.572269,87598000
223,2017-11-20,42.572498,42.639999,42.389999,42.494999,40.531734,65049600
224,2017-11-21,42.695,43.424999,42.695,43.285,41.28524,100525200
225,2017-11-22,43.34,43.75,43.262501,43.740002,41.719223,102355600
226,2017-11-24,43.775002,43.875,43.662498,43.7425,41.721607,56106800
227,2017-11-27,43.762501,43.77,43.334999,43.522499,41.511761,82867200
228,2017-11-28,43.575001,43.717499,42.965,43.267502,41.268555,105715200
229,2017-11-29,43.157501,43.23,41.790001,42.369999,40.41251,166665600
230,2017-11-30,42.607498,43.035,42.110001,42.962502,40.977638,166108800
231,2017-12-01,42.487499,42.9175,42.125,42.762501,40.78688,159037200
232,2017-12-04,43.119999,43.154999,42.407501,42.450001,40.488819,130169600
233,2017-12-05,42.264999,42.880001,42.099998,42.41,40.450668,109400800
234,2017-12-06,41.875,42.549999,41.615002,42.252499,40.300442,114240000
235,2017-12-07,42.2575,42.610001,42.227501,42.330002,40.374367,102693200
236,2017-12-08,42.622501,42.75,42.205002,42.342499,40.386276,93420800
237,2017-12-11,42.299999,43.2225,42.197498,43.1675,41.173172,141095200
238,2017-12-12,43.037498,43.0975,42.865002,42.924999,40.941879,77636800
239,2017-12-13,43.125,43.384998,43.0,43.067501,41.077793,95273600
240,2017-12-14,43.099998,43.282501,42.912498,43.055,41.065865,81906000
241,2017-12-15,43.407501,43.5425,43.115002,43.4925,41.48315,160677200
242,2017-12-18,43.720001,44.299999,43.715,44.105,42.067356,117684400
243,2017-12-19,43.7575,43.8475,43.522499,43.634998,41.619064,109745600
244,2017-12-20,43.717499,43.855,43.3125,43.587502,41.573765,93902400
245,2017-12-21,43.5425,44.005001,43.525002,43.752499,41.73114,83799600
246,2017-12-22,43.669998,43.855,43.625,43.752499,41.73114,65397600
247,2017-12-26,42.700001,42.8675,42.419998,42.642502,40.672424,132742000
248,2017-12-27,42.525002,42.695,42.427502,42.650002,40.679585,85992800
249,2017-12-28,42.75,42.962502,42.619999,42.77,40.794037,65920800
250,2017-12-29,42.630001,42.647499,42.305,42.307499,40.352898,103999600
251,2018-01-02,42.540001,43.075001,42.314999,43.064999,41.075405,102223600
252,2018-01-03,43.1325,43.637501,42.990002,43.057499,41.068245,118071600
253,2018-01-04,43.134998,43.3675,43.02,43.2575,41.259014,89738400
254,2018-01-05,43.360001,43.842499,43.262501,43.75,41.72876,94640000
255,2018-01-08,43.587502,43.9025,43.482498,43.587502,41.573765,82271200
256,2018-01-09,43.637501,43.764999,43.352501,43.5825,41.569,86336000
257,2018-01-10,43.290001,43.575001,43.25,43.572498,41.559456,95839600
258,2018-01-11,43.647499,43.872501,43.622501,43.82,41.795528,74670800
259,2018-01-12,44.044998,44.34,43.912498,44.272499,42.227116,101672400
260,2018-01-16,44.474998,44.8475,44.035,44.047501,42.012508,118263600
261,2018-01-17,44.037498,44.8125,43.767502,44.775002,42.706406,137547200
262,2018-01-18,44.842499,45.025002,44.5625,44.814999,42.744556,124773600
263,2018-01-19,44.6525,44.895,44.352501,44.615002,42.553791,129700400
264,2018-01-22,44.325001,44.445,44.150002,44.25,42.205662,108434400
265,2018-01-23,44.325001,44.860001,44.205002,44.259998,42.215195,130756400
266,2018-01-24,44.3125,44.325001,43.299999,43.555,41.542763,204420400
267,2018-01-25,43.627499,43.737499,42.6325,42.7775,40.801189,166116000
268,2018-01-26,43.0,43.0,42.514999,42.877499,40.896576,156572000
269,2018-01-29,42.540001,42.540001,41.767502,41.990002,40.050072,202561600
270,2018-01-30,41.3825,41.842499,41.174999,41.7425,39.814007,184192800
271,2018-01-31,41.717499,42.110001,41.625,41.857498,39.923691,129915600
272,2018-02-01,41.7925,42.154999,41.689999,41.945,40.007149,188923200
273,2018-02-02,41.5,41.700001,40.025002,40.125,38.271233,346375200
274,2018-02-05,39.775002,40.970001,39.0,39.122501,37.315044,290954000
275,2018-02-06,38.7075,40.93,38.5,40.7575,38.8745,272975200
276,2018-02-07,40.772499,40.849998,39.767502,39.884998,38.042316,206434400
277,2018-02-08,40.072498,40.25,38.7575,38.787498,36.995525,217562000
278,2018-02-09,39.267502,39.4725,37.560001,39.102501,37.448036,282690400
279,2018-02-12,39.625,40.9725,39.377499,40.677502,38.95639,243278000
280,2018-02-13,40.487499,41.1875,40.412498,41.084999,39.346653,130196800
281,2018-02-14,40.759998,41.884998,40.720001,41.842499,40.072102,162579600
282,2018-02-15,42.447498,43.272499,42.25,43.247501,41.417652,204588800
283,2018-02-16,43.09,43.705002,42.942501,43.107498,41.283577,160704400
284,2018-02-20,43.012501,43.564999,42.855,42.962502,41.144707,135722000
285,2018-02-21,43.2075,43.529999,42.752499,42.767502,40.957966,149886400
286,2018-02-22,42.950001,43.487499,42.927502,43.125,41.300331,123967600
287,2018-02-23,43.4175,43.912498,43.384998,43.875,42.018604,135249600
288,2018-02-26,44.087502,44.8475,44.052502,44.7425,42.8494,152648800
289,2018-02-27,44.775002,45.119999,44.540001,44.5975,42.710541,155712400
290,2018-02-28,44.814999,45.154999,44.512501,44.529999,42.645893,151128400
291,2018-03-01,44.634998,44.945,43.165001,43.75,41.898895,195208000
292,2018-03-02,43.200001,44.075001,43.112499,44.052502,42.188595,153816000
293,2018-03-05,43.802502,44.435001,43.630001,44.205002,42.334644,113605600
294,2018-03-06,44.477501,44.5625,44.032501,44.1675,42.298729,95154000
295,2018-03-07,43.735001,43.962502,43.567501,43.7575,41.906075,126814000
296,2018-03-08,43.869999,44.279999,43.767502,44.235001,42.363365,95096400
297,2018-03-09,44.490002,45.0,44.3475,44.994999,43.091213,128740800
298,2018-03-12,45.072498,45.5975,45.052502,45.43,43.507809,128828400
299,2018-03-13,45.647499,45.875,44.810001,44.9925,43.088821,126774000
300,2018-03-14,45.080002,45.130001,44.452499,44.610001,42.722504,117473600
301,2018-03-15,44.625,45.060001,44.517502,44.662498,42.772781,90975200
302,2018-03-16,44.662498,44.779999,44.404999,44.505001,42.621948,157618800
303,2018-03-19,44.330002,44.3675,43.415001,43.825001,41.970718,133787200
304,2018-03-20,43.810001,44.200001,43.735001,43.810001,41.956345,78597600
305,2018-03-21,43.759998,43.772499,42.814999,42.817501,41.005848,148219600
306,2018-03-22,42.5,43.169998,42.150002,42.212502,40.426445,165963200
307,2018-03-23,42.0975,42.48,41.235001,41.235001,39.490303,164115200
308,2018-03-26,42.017502,43.275002,41.610001,43.192501,41.364979,150164800
309,2018-03-27,43.419998,43.787498,41.73,42.084999,40.304344,163690400
310,2018-03-28,41.8125,42.505001,41.297501,41.619999,39.859013,166674000
311,2018-03-29,41.952499,42.9375,41.724998,41.945,40.170261,153594000
312,2018-04-02,41.66,42.235001,41.1175,41.669998,39.906902,150347200
313,2018-04-03,41.91,42.1875,41.220001,42.0975,40.316311,121112000
314,2018-04-04,41.220001,43.002499,41.192501,42.9025,41.087242,138422000
315,2018-04-05,43.145,43.557499,43.02,43.200001,41.372158,107732800
316,2018-04-06,42.7425,43.119999,42.049999,42.095001,40.313915,140021200
317,2018-04-09,42.470001,43.272499,42.462502,42.512501,40.713745,116070800
318,2018-04-10,43.25,43.5,42.8825,43.3125,41.479904,113634400
319,2018-04-11,43.057499,43.48,42.924999,43.110001,41.285969,89726400
320,2018-04-12,43.352501,43.75,43.259998,43.535,41.692986,91557200
321,2018-04-13,43.695,43.959999,43.462502,43.682499,41.834248,100497200
322,2018-04-16,43.7575,44.047501,43.7075,43.955002,42.095222,86313600
323,2018-04-17,44.122501,44.735001,44.102501,44.560001,42.674625,106421600
324,2018-04-18,44.452499,44.705002,44.220001,44.459999,42.57885,83018000
325,2018-04-19,43.439999,43.8475,43.165001,43.200001,41.372158,139235200
326,2018-04-20,42.650002,42.805,41.357498,41.43,39.677048,261964400
327,2018-04-23,41.7075,41.73,41.022499,41.310001,39.562126,146062000
328,2018-04-24,41.4175,41.5825,40.305,40.735001,39.011459,134768000
329,2018-04-25,40.654999,41.355,40.602501,40.912498,39.181446,113528400
330,2018-04-26,41.029999,41.432499,40.842499,41.055,39.317917,111852000
331,2018-04-27,41.0,41.0825,40.157501,40.580002,38.863014,142623200
332,2018-04-30,40.532501,41.814999,40.459999,41.314999,39.566914,169709600
333,2018-05-01,41.602501,42.299999,41.317501,42.275002,40.486301,214277600
334,2018-05-02,43.807499,44.4375,43.450001,44.142502,42.274788,266157600
335,2018-05-03,43.970001,44.375,43.610001,44.2225,42.351398,136272800
336,2018-05-04,44.5625,46.0625,44.5425,45.9575,44.012985,224805200
337,2018-05-07,46.294998,46.9175,46.1875,46.290001,44.331425,169805600
338,2018-05-08,46.247501,46.555,45.9175,46.512501,44.544506,113611200
339,2018-05-09,46.637501,46.849998,46.305,46.84,44.858139,92844800
340,2018-05-10,46.935001,47.592499,46.912498,47.509998,45.49979,111957200
341,2018-05-11,47.372501,47.514999,46.862499,47.147499,45.326748,104848800
342,2018-05-14,47.252499,47.3825,46.965,47.037498,45.221001,83115200
343,2018-05-15,46.695,46.767502,46.275002,46.610001,44.810009,94780800
344,2018-05-16,46.517502,47.115002,46.5,47.044998,45.228207,76732400
345,2018-05-17,47.0,47.227501,46.59,46.747501,44.942196,69176000
346,2018-05-18,46.797501,46.952499,46.532501,46.577499,44.778759,73190800
347,2018-05-21,47.0,47.317501,46.727501,46.907501,45.096024,73603200
348,2018-05-22,47.095001,47.220001,46.695,46.790001,44.983063,60962800
349,2018-05-23,46.587502,47.125,46.439999,47.09,45.271473,80233600
350,2018-05-24,47.192501,47.209999,46.552502,47.037498,45.221001,92936000
351,2018-05-25,47.057499,47.412498,46.912498,47.145,45.324348,69844000
352,2018-05-29,46.900002,47.1875,46.717499,46.974998,45.160908,90056400
353,2018-05-30,46.93,47.0,46.695,46.875,45.064777,74762000
354,2018-05-31,46.805,47.057499,46.535,46.717499,44.913349,109931200
355,2018-06-01,46.997501,47.564999,46.9375,47.560001,45.723328,93770000
356,2018-06-04,47.91,48.355,47.837502,47.9575,46.105469,105064800
357,2018-06-05,48.267502,48.485001,48.09,48.327499,46.461182,86264000
358,2018-06-06,48.407501,48.52,47.98,48.494999,46.622208,83734400
359,2018-06-07,48.535,48.549999,48.084999,48.365002,46.497234,85388800
360,2018-06-08,47.7925,48.0,47.442501,47.924999,46.074223,106627200
361,2018-06-11,47.837502,47.9925,47.552502,47.807499,45.961266,73234000
362,2018-06-12,47.8475,48.1525,47.787498,48.07,46.213619,67644400
363,2018-06-13,48.105,48.220001,47.610001,47.674999,45.833881,86553600
364,2018-06-14,47.887501,47.892502,47.555,47.700001,45.857918,86440400
365,2018-06-15,47.5075,47.540001,47.064999,47.209999,45.386841,246876800
366,2018-06-18,46.970001,47.305,46.799999,47.185001,45.362808,73939600
367,2018-06-19,46.285,46.5825,45.862499,46.422501,44.629749,134314000
368,2018-06-20,46.587502,46.799999,46.432499,46.625,44.824436,82514800
369,2018-06-21,46.8125,47.087502,46.235001,46.365002,44.574474,102847600
370,2018-06-22,46.529999,46.537498,46.174999,46.23,44.444687,108801600
371,2018-06-25,45.849998,46.23,45.182499,45.5425,43.78373,126652400
372,2018-06-26,45.747501,46.6325,45.634998,46.107498,44.326916,98276800
373,2018-06-27,46.307499,46.82,46.0075,46.040001,44.262012,101141200
374,2018-06-28,46.025002,46.552502,45.950001,46.375,44.584087,69460800
375,2018-06-29,46.572498,46.797501,45.727501,46.2775,44.490345,90950800
376,2018-07-02,45.955002,46.825001,45.855,46.794998,44.987865,70925200
377,2018-07-03,46.947498,46.987499,45.884998,45.98,44.204338,55819200
378,2018-07-05,46.314999,46.602501,46.07,46.349998,44.560051,66416800
379,2018-07-06,46.355,47.107498,46.299999,46.9925,45.177734,69940800
380,2018-07-09,47.375,47.669998,47.325001,47.645,45.805042,79026400
381,2018-07-10,47.677502,47.82,47.544998,47.587502,45.749763,63756400
382,2018-07-11,47.125,47.445,46.9025,46.970001,45.156105,75326000
383,2018-07-12,47.3825,47.852501,47.327499,47.7575,45.913204,72164400
384,2018-07-13,47.77,47.959999,47.724998,47.8325,45.985294,50055600
385,2018-07-16,47.880001,48.162498,47.605,47.727501,45.884354,60172400
386,2018-07-17,47.4375,47.967499,47.299999,47.862499,46.014137,62138000
387,2018-07-18,47.945,47.950001,47.482498,47.599998,45.761776,65573600
388,2018-07-19,47.422501,48.137501,47.422501,47.970001,46.117485,81147200
389,2018-07-20,47.945,48.107498,47.5425,47.860001,46.011738,82704800
390,2018-07-23,47.669998,47.990002,47.389999,47.9025,46.052597,63957600
391,2018-07-24,48.112499,48.415001,48.012501,48.25,46.386677,74791600
392,2018-07-25,48.264999,48.712502,48.107498,48.705002,46.824104,66839600
393,2018-07-26,48.6525,48.990002,48.4025,48.552502,46.677494,76304000
394,2018-07-27,48.747501,48.797501,47.525002,47.744999,45.90118,96096000
395,2018-07-30,47.974998,48.049999,47.267502,47.477501,45.644001,84118000
396,2018-07-31,47.575001,48.035,47.334999,47.572498,45.735336,157492000
397,2018-08-01,49.782501,50.439999,49.327499,50.375,48.429615,271742800
398,2018-08-02,50.145,52.095001,50.087502,51.8475,49.845245,249616000
399,2018-08-03,51.7575,52.185001,51.369999,51.997501,49.989452,133789600
400,2018-08-06,52.0,52.3125,51.767502,52.267502,50.249031,101701600
401,2018-08-07,52.330002,52.375,51.689999,51.7775,49.777943,102349600
402,2018-08-08,51.512501,51.952499,51.130001,51.8125,49.811592,90102000
403,2018-08-09,52.3825,52.445,51.799999,52.220001,50.203365,93970400
404,2018-08-10,51.84,52.275002,51.6675,51.8825,50.053822,98444800
405,2018-08-13,52.327499,52.737499,51.924999,52.217499,50.377018,103563600
406,2018-08-14,52.540001,52.639999,52.064999,52.4375,50.589264,82992000
407,2018-08-15,52.305,52.685001,52.0825,52.560001,50.707439,115230400
408,2018-08-16,52.9375,53.452499,52.8675,53.330002,51.45031,114001600
409,2018-08-17,53.360001,54.487499,53.290001,54.395,52.477768,141708000
410,2018-08-20,54.525002,54.794998,53.7775,53.865002,51.966454,121150800
411,2018-08-21,54.200001,54.297501,53.5075,53.759998,51.865147,104639200
412,2018-08-22,53.525002,54.09,53.459999,53.762501,51.867561,76072400
413,2018-08-23,53.662498,54.262501,53.650002,53.872501,51.97369,75532800
414,2018-08-24,54.150002,54.224998,53.7775,54.040001,52.135281,73905600
415,2018-08-27,54.287498,54.685001,54.0825,54.485001,52.564602,82100400
416,2018-08-28,54.752499,55.134998,54.73,54.924999,52.98909,91107200
417,2018-08-29,55.037498,55.872501,54.852501,55.744999,53.780182,109019200
418,2018-08-30,55.8125,57.064999,55.599998,56.2575,54.274624,195175200
419,2018-08-31,56.627499,57.217499,56.5,56.907501,54.901718,173360400
420,2018-09-04,57.102501,57.294998,56.657501,57.09,55.077778,109560400
421,2018-09-05,57.247501,57.4175,56.275002,56.717499,54.718403,133332000
422,2018-09-06,56.557499,56.837502,55.325001,55.775002,53.809135,137160000
423,2018-09-07,55.462502,56.342499,55.177502,55.325001,53.374989,150479200
424,2018-09-10,55.237499,55.462502,54.1175,54.5825,52.658661,158066000
425,2018-09-11,54.502499,56.075001,54.139999,55.962502,53.990028,142996000
426,2018-09-12,56.235001,56.25,54.959999,55.267502,53.319519,197114800
427,2018-09-13,55.880001,57.087502,55.642502,56.602501,54.607464,166825600
428,2018-09-14,56.4375,56.709999,55.630001,55.959999,53.987606,127997200
429,2018-09-17,55.537498,55.737499,54.317501,54.470001,52.550121,148780400
430,2018-09-18,54.447498,55.462502,54.279999,54.560001,52.636948,126286800
431,2018-09-19,54.625,54.904999,53.825001,54.592499,52.668297,108495200
432,2018-09-20,55.060001,55.57,54.787498,55.0075,53.06868,106435200
433,2018-09-21,55.195,55.34,54.322498,54.415001,52.49707,384986800
434,2018-09-24,54.205002,55.314999,54.157501,55.197498,53.251976,110773600
435,2018-09-25,54.9375,55.705002,54.924999,55.547501,53.589645,98217600
436,2018-09-26,55.25,55.9375,54.939999,55.105,53.162743,95938800
437,2018-09-27,55.955002,56.610001,55.884998,56.237499,54.255333,120724800
438,2018-09-28,56.197498,56.459999,56.005001,56.435001,54.445873,91717600
439,2018-10-01,56.987499,57.355,56.587502,56.814999,54.812469,94403200
440,2018-10-02,56.8125,57.5,56.657501,57.32,55.299679,99152800
441,2018-10-03,57.512501,58.3675,57.445,58.017502,55.972591,114619200
442,2018-10-04,57.695,58.087502,56.682499,56.997501,54.988537,128168000
443,2018-10-05,56.990002,57.102501,55.145,56.072498,54.096138,134322000
444,2018-10-08,55.552502,56.200001,55.049999,55.942501,53.970722,118655600
445,2018-10-09,55.91,56.817501,55.5625,56.717499,54.718403,107564000
446,2018-10-10,56.365002,56.587502,54.012501,54.09,52.183521,167962400
447,2018-10-11,53.630001,54.875,53.080002,53.612499,51.722847,212497600
448,2018-10-12,55.105,55.720001,54.209999,55.5275,53.570358,161351600
449,2018-10-15,55.290001,55.4575,54.317501,54.34,52.424709,123164000
450,2018-10-16,54.732498,55.747501,54.189999,55.537498,53.57999,116736000
451,2018-10-17,55.575001,55.66,54.834999,55.297501,53.348454,91541600
452,2018-10-18,54.465,54.935001,53.25,54.005001,52.101517,130325200
453,2018-10-19,54.514999,55.314999,54.357498,54.827499,52.895027,132314800
454,2018-10-22,54.947498,55.84,54.735001,55.162498,53.218212,115168400
455,2018-10-23,53.9575,55.8125,53.674999,55.682499,53.719891,155071200
456,2018-10-24,55.650002,56.057499,53.634998,53.772499,51.877213,163702000
457,2018-10-25,54.427502,55.345001,54.1875,54.950001,53.013203,119423200
458,2018-10-26,53.974998,55.047501,53.1675,54.075001,52.169044,189033600
459,2018-10-29,54.797501,54.922501,51.522499,53.060001,51.189827,183742000
460,2018-10-30,52.787498,53.794998,52.317501,53.325001,51.445488,146640000
461,2018-10-31,54.220001,55.112499,54.154999,54.715,52.786495,153435600
462,2018-11-01,54.762501,55.59,54.202499,55.555,53.596889,233292800
463,2018-11-02,52.387501,53.412498,51.357498,51.869999,50.041771,365314800
464,2018-11-05,51.075001,51.0975,49.5425,50.397499,48.621159,264654800
465,2018-11-06,50.48,51.18,50.422501,50.942501,49.146957,127531600
466,2018-11-07,51.4925,52.514999,51.032501,52.487499,50.637497,133697600
467,2018-11-08,52.494999,52.529999,51.6875,52.122501,50.460819,101450400
468,2018-11-09,51.387501,51.502499,50.5625,51.1175,49.487858,137463200
469,2018-11-12,49.75,49.962502,48.447498,48.5425,46.994957,204542000
470,2018-11-13,47.907501,49.294998,47.862499,48.057499,46.525421,187531600
471,2018-11-14,48.474998,48.619999,46.482498,46.700001,45.211193,243204000
472,2018-11-15,47.0975,47.9925,46.724998,47.852501,46.32695,185915200
473,2018-11-16,47.625,48.7425,47.365002,48.3825,46.84005,147713200
474,2018-11-19,47.5,47.674999,46.247501,46.465,44.983685,167701200
475,2018-11-20,44.592499,45.3675,43.877499,44.244999,42.834457,271300800
476,2018-11-21,44.932499,45.067501,44.137501,44.195,42.786053,124496800
477,2018-11-23,43.735001,44.150002,43.025002,43.072498,41.699345,94496000
478,2018-11-26,43.560001,43.737499,42.564999,43.654999,42.263275,179994000
479,2018-11-27,42.877499,43.692501,42.720001,43.560001,42.171295,165549600
480,2018-11-28,44.182499,45.322498,43.732498,45.235001,43.7929,184250000
481,2018-11-29,45.665001,45.700001,44.424999,44.887501,43.456467,167080000
482,2018-11-30,45.072498,45.0825,44.2575,44.645,43.221703,158126000
483,2018-12-03,46.115002,46.235001,45.302502,46.205002,44.731972,163210000
484,2018-12-04,45.237499,45.5975,44.067501,44.172501,42.764271,165377200
485,2018-12-06,42.939999,43.695,42.605,43.68,42.287472,172393600
486,2018-12-07,43.372501,43.622501,42.075001,42.122501,40.779629,169126400
487,2018-12-10,41.25,42.522499,40.8325,42.400002,41.048283,248104000
488,2018-12-11,42.915001,42.947498,41.75,42.157501,40.813511,189126800
489,2018-12-12,42.599998,42.98,42.255001,42.275002,40.927261,142510800
490,2018-12-13,42.622501,43.142502,42.387501,42.737499,41.375019,127594400
491,2018-12-14,42.25,42.27,41.32,41.369999,40.051109,162814800
492,2018-12-17,41.362499,42.087502,40.682499,40.985001,39.678391,177151600
493,2018-12-18,41.345001,41.8825,41.0975,41.517502,40.193916,135366000
494,2018-12-19,41.5,41.862499,39.772499,40.2225,38.940193,196189200
495,2018-12-20,40.099998,40.5275,38.825001,39.2075,37.957546,259092000
496,2018-12-21,39.215,39.540001,37.407501,37.682499,36.481167,382978400
497,2018-12-24,37.037498,37.887501,36.647499,36.7075,35.537254,148676800
498,2018-12-26,37.075001,39.307499,36.68,39.2925,38.039841,234330000
499,2018-12-27,38.959999,39.192501,37.517502,39.037498,37.792976,212468400
500,2018-12-28,39.375,39.630001,38.637501,39.057499,37.812332,169165600
501,2018-12-31,39.6325,39.84,39.119999,39.435001,38.177803,140014000
502,2019-01-02,38.7225,39.712502,38.557499,39.48,38.221367,148158800
503,2019-01-03,35.994999,36.43,35.5,35.547501,34.414238,365248800
504,2019-01-04,36.1325,37.137501,35.950001,37.064999,35.883354,234428400
505,2019-01-07,37.174999,37.2075,36.474998,36.982498,35.80349,219111200
506,2019-01-08,37.389999,37.955002,37.130001,37.6875,36.486012,164101200
507,2019-01-09,37.822498,38.6325,37.407501,38.327499,37.10561,180396400
508,2019-01-10,38.125,38.4925,37.715,38.450001,37.224205,143122800
509,2019-01-11,38.220001,38.424999,37.877499,38.072498,36.858738,108092800
510,2019-01-14,37.712502,37.817501,37.305,37.5,36.304493,129756800
511,2019-01-15,37.567501,38.3475,37.512501,38.267502,37.047523,114843600
512,2019-01-16,38.27,38.970001,38.25,38.735001,37.500118,122278800
513,2019-01-17,38.549999,39.415001,38.314999,38.965,37.722778,119284800
514,2019-01-18,39.375,39.470001,38.994999,39.205002,37.955132,135004000
515,2019-01-22,39.102501,39.182499,38.154999,38.325001,37.103199,121576000
516,2019-01-23,38.537498,38.785,37.924999,38.48,37.253246,92522400
517,2019-01-24,38.5275,38.619999,37.935001,38.174999,36.957973,101766000
518,2019-01-25,38.869999,39.532501,38.580002,39.439999,38.18264,134142000
519,2019-01-28,38.947498,39.0825,38.415001,39.075001,37.829277,104768400
520,2019-01-29,39.0625,39.532501,38.5275,38.669998,37.437195,166348800
521,2019-01-30,40.8125,41.537498,40.057499,41.3125,39.995441,244439200
522,2019-01-31,41.5275,42.25,41.139999,41.610001,40.283466,162958400
523,2019-02-01,41.740002,42.244999,41.482498,41.630001,40.302818,130672400
524,2019-02-04,41.852501,42.915001,41.82,42.8125,41.447628,125982000
525,2019-02-05,43.215,43.77,43.087502,43.544998,42.156769,144406400
526,2019-02-06,43.662498,43.892502,43.212502,43.560001,42.171295,112958400
527,2019-02-07,43.099998,43.485001,42.584999,42.735001,41.372593,126966800
528,2019-02-08,42.247501,42.665001,42.105,42.602501,41.421207,95280000
529,2019-02-11,42.762501,42.802502,42.3125,42.357498,41.183006,83973600
530,2019-02-12,42.525002,42.75,42.424999,42.7225,41.537888,89134000
531,2019-02-13,42.8475,43.119999,42.48,42.544998,41.365295,89960800
532,2019-02-14,42.427502,42.814999,42.345001,42.700001,41.516006,87342800
533,2019-02-15,42.8125,42.924999,42.4375,42.605,41.423641,98507200
534,2019-02-19,42.427502,42.860001,42.372501,42.732498,41.5476,75891200
535,2019-02-20,42.797501,43.330002,42.747501,43.0075,41.814983,104457600
536,2019-02-21,42.950001,43.092499,42.575001,42.764999,41.579205,68998800
537,2019-02-22,42.895,43.25,42.845001,43.2425,42.043468,75652800
538,2019-02-25,43.540001,43.967499,43.487499,43.557499,42.349728,87493600
539,2019-02-26,43.427502,43.825001,43.2925,43.5825,42.374039,68280800
540,2019-02-27,43.302502,43.75,43.182499,43.717499,42.505295,111341600
541,2019-02-28,43.580002,43.727501,43.23,43.287498,42.087219,112861600
542,2019-03-01,43.57,43.787498,43.2225,43.7425,42.529602,103544800
543,2019-03-04,43.922501,44.4375,43.4925,43.962502,42.743504,109744800
544,2019-03-05,43.985001,44.0,43.634998,43.8825,42.665718,78949600
545,2019-03-06,43.6675,43.872501,43.485001,43.630001,42.420227,83241600
546,2019-03-07,43.467499,43.610001,43.005001,43.125,41.929226,99185600
547,2019-03-08,42.580002,43.267502,42.375,43.227501,42.028885,95997600
548,2019-03-11,43.872501,44.779999,43.837502,44.724998,43.484852,128044000
549,2019-03-12,45.0,45.6675,44.842499,45.227501,43.973427,129870400
550,2019-03-13,45.5625,45.825001,45.23,45.427502,44.167877,124130000
551,2019-03-14,45.974998,46.025002,45.639999,45.932499,44.658871,94318000
552,2019-03-15,46.212502,46.8325,45.935001,46.529999,45.239815,156171600
553,2019-03-18,46.450001,47.0975,46.447498,47.005001,45.701641,104879200
554,2019-03-19,47.087502,47.247501,46.48,46.6325,45.339466,126585600
555,2019-03-20,46.557499,47.372501,46.182499,47.040001,45.735668,124140800
556,2019-03-21,47.505001,49.0825,47.452499,48.772499,47.420132,204136800
557,2019-03-22,48.834999,49.422501,47.695,47.762501,46.438129,169630800
558,2019-03-25,47.877499,47.994999,46.650002,47.185001,45.876644,175381200
559,2019-03-26,47.915001,48.220001,46.145,46.697498,45.402668,199202000
560,2019-03-27,47.1875,47.439999,46.637501,47.1175,45.81102,119393600
561,2019-03-28,47.237499,47.389999,46.8825,47.18,45.871788,83121600
562,2019-03-29,47.4575,47.52,47.134998,47.487499,46.170757,94256000
563,2019-04-01,47.91,47.919998,47.095001,47.810001,46.484314,111448000
564,2019-04-02,47.772499,48.615002,47.762501,48.505001,47.160042,91062800
565,2019-04-03,48.3125,49.125,48.287498,48.837502,47.483322,93087200
566,2019-04-04,48.697498,49.092499,48.285,48.922501,47.565968,76457200
567,2019-04-05,49.112499,49.275002,48.982498,49.25,47.884384,74106400
568,2019-04-08,49.105,50.057499,49.084999,50.025002,48.637901,103526800
569,2019-04-09,50.080002,50.712502,49.807499,49.875,48.492058,143072800
570,2019-04-10,49.669998,50.185001,49.544998,50.154999,48.76429,86781200
571,2019-04-11,50.212502,50.25,49.610001,49.737499,48.358372,83603200
572,2019-04-12,49.799999,50.035,49.052502,49.717499,48.338913,111042800
573,2019-04-15,49.645,49.962502,49.502499,49.807499,48.426426,70146400
574,2019-04-16,49.865002,50.342499,49.639999,49.8125,48.43129,102785600
575,2019-04-17,49.884998,50.845001,49.6525,50.782501,49.374393,115627200
576,2019-04-18,50.779999,51.037498,50.630001,50.965,49.551834,96783200
577,2019-04-22,50.7075,51.235001,50.584999,51.1325,49.714687,77758000
578,2019-04-23,51.107498,51.9375,50.974998,51.869999,50.431744,93292000
579,2019-04-24,51.84,52.119999,51.762501,51.790001,50.353954,70162400
580,2019-04-25,51.7075,51.939999,51.279999,51.32,49.896988,74172800
581,2019-04-26,51.224998,51.25,50.529999,51.075001,49.658779,74596400
582,2019-04-29,51.099998,51.4925,50.965,51.1525,49.734135,88818800
583,2019-04-30,50.764999,50.849998,49.7775,50.1675,48.776451,186139600
584,2019-05-01,52.470001,53.827499,52.307499,52.630001,51.170662,259309200
585,2019-05-02,52.459999,53.162498,52.032501,52.287498,50.837658,127985200
586,2019-05-03,52.7225,52.959999,52.557499,52.9375,51.469635,83569600
587,2019-05-06,51.072498,52.209999,50.875,52.119999,50.674801,129772400
588,2019-05-07,51.470001,51.855,50.2075,50.715,49.308773,155054800
589,2019-05-08,50.474998,51.334999,50.4375,50.724998,49.318493,105358000
590,2019-05-09,50.099998,50.419998,49.165001,50.18,48.788597,139634400
591,2019-05-10,49.355,49.712502,48.192501,49.294998,48.112709,164834800
592,2019-05-13,46.927502,47.369999,45.712502,46.43,45.316422,229722400
593,2019-05-14,46.602501,47.424999,46.352501,47.165001,46.033798,146118800
594,2019-05-15,46.567501,47.9375,46.505001,47.73,46.585243,106178800
595,2019-05-16,47.477501,48.1175,47.209999,47.52,46.380283,132125600
596,2019-05-17,46.732498,47.724998,46.689999,47.25,46.11676,131516400
597,2019-05-20,45.880001,46.087502,45.07,45.772499,44.674694,154449200
598,2019-05-21,46.305,47.0,46.174999,46.650002,45.531151,113459200
599,2019-05-22,46.165001,46.427502,45.637501,45.695,44.599049,118994400
600,2019-05-23,44.950001,45.134998,44.452499,44.915001,43.837761,146118800
601,2019-05-24,45.049999,45.535,44.654999,44.7425,43.669395,94858800
602,2019-05-28,44.73,45.147499,44.477501,44.557499,43.488831,111792800
603,2019-05-29,44.105,44.837502,44.0,44.345001,43.281437,113924800
604,2019-05-30,44.487499,44.807499,44.1675,44.575001,43.505917,84873600
605,2019-05-31,44.057499,44.497501,43.747501,43.767502,42.717793,108174400
606,2019-06-03,43.900002,44.48,42.567501,43.325001,42.285889,161584400
607,2019-06-04,43.860001,44.9575,43.630001,44.91,43.832886,123872000
608,2019-06-05,46.07,46.247501,45.285,45.634998,44.540489,119093600
609,2019-06-06,45.77,46.3675,45.537498,46.305,45.194416,90105200
610,2019-06-07,46.627499,47.98,46.442501,47.537498,46.397366,122737600
611,2019-06-10,47.952499,48.842499,47.904999,48.145,46.990295,104883600
612,2019-06-11,48.715,49.0,48.400002,48.702499,47.534416,107731600
613,2019-06-12,48.487499,48.9925,48.3475,48.547501,47.383137,73012800
614,2019-06-13,48.674999,49.197498,48.400002,48.537498,47.373375,86698400
615,2019-06-14,47.887501,48.397499,47.575001,48.185001,47.029327,75046000
616,2019-06-17,48.224998,48.740002,48.0425,48.4725,47.309933,58676400
617,2019-06-18,49.012501,50.072498,48.802502,49.612499,48.422596,106204000
618,2019-06-19,49.919998,49.970001,49.327499,49.467499,48.281067,84496800
619,2019-06-20,50.092499,50.1525,49.5075,49.865002,48.669037,86056000
620,2019-06-21,49.700001,50.212502,49.537498,49.695,48.503113,191202400
621,2019-06-24,49.634998,50.040001,49.5425,49.645,48.454323,72881600
622,2019-06-25,49.607498,49.814999,48.822498,48.892502,47.719868,84281200
623,2019-06-26,49.442501,50.247501,49.337502,49.950001,48.752007,104270000
624,2019-06-27,50.072498,50.392502,49.892502,49.935001,48.737362,83598800
625,2019-06-28,49.669998,49.875,49.262501,49.48,48.293266,124442400
626,2019-07-01,50.7925,51.122501,50.162498,50.387501,49.179008,109012000
627,2019-07-02,50.352501,50.782501,50.34,50.682499,49.466927,67740800
628,2019-07-03,50.82,51.110001,50.672501,51.102501,49.876858,45448000
629,2019-07-05,50.837502,51.27,50.724998,51.057499,49.832939,69062000
630,2019-07-08,50.202499,50.349998,49.602501,50.005001,48.805683,101354400
631,2019-07-09,49.799999,50.377499,49.702499,50.310001,49.103371,82312000
632,2019-07-10,50.462502,50.932499,50.389999,50.807499,49.588928,71588400
633,2019-07-11,50.827499,51.0975,50.427502,50.4375,49.22781,80767200
634,2019-07-12,50.612499,51.0,50.549999,50.825001,49.606018,70380800
635,2019-07-15,51.022499,51.467499,51.0,51.302502,50.072063,67789600
636,2019-07-16,51.147499,51.5275,50.875,51.125,49.898815,67467200
637,2019-07-17,51.012501,51.272499,50.817501,50.837502,49.618217,56430000
638,2019-07-18,51.0,51.470001,50.924999,51.415001,50.18187,74162400
639,2019-07-19,51.447498,51.625,50.59,50.647499,49.432774,83717200
640,2019-07-22,50.912498,51.807499,50.9025,51.805,50.562508,89111600
641,2019-07-23,52.115002,52.227501,51.822498,52.209999,50.95779,73420800
642,2019-07-24,51.9175,52.287498,51.7925,52.1675,50.916317,59966400
643,2019-07-25,52.2225,52.310001,51.682499,51.755001,50.513714,55638400
644,2019-07-26,51.869999,52.432499,51.785,51.935001,50.689392,70475600
645,2019-07-29,52.115002,52.66,52.110001,52.419998,51.162758,86693600
646,2019-07-30,52.189999,52.540001,51.827499,52.195,50.943161,135742800
647,2019-07-31,54.105,55.342499,52.825001,53.259998,51.982613,277125600
648,2019-08-01,53.474998,54.5075,51.685001,52.107498,50.857754,216071600
649,2019-08-02,51.3825,51.607498,50.407501,51.005001,49.7817,163448400
650,2019-08-05,49.497501,49.662498,48.145,48.334999,47.175735,209572000
651,2019-08-06,49.077499,49.517502,48.509998,49.25,48.06879,143299200
652,2019-08-07,48.852501,49.889999,48.455002,49.759998,48.566559,133457600
653,2019-08-08,50.049999,50.8825,49.8475,50.857498,49.637726,108038000
654,2019-08-09,50.325001,50.689999,49.822498,50.247501,49.228695,98478800
655,2019-08-12,49.904999,50.512501,49.787498,50.119999,49.103786,89927600
656,2019-08-13,50.255001,53.035,50.119999,52.2425,51.18325,188874000
657,2019-08-14,50.790001,51.610001,50.647499,50.6875,49.659782,146189600
658,2019-08-15,50.865002,51.285,49.9175,50.435001,49.412403,108909600
659,2019-08-16,51.07,51.790001,50.959999,51.625,50.578262,110481600
660,2019-08-19,52.654999,53.182499,52.5075,52.587502,51.521252,97654400
661,2019-08-20,52.720001,53.337502,52.580002,52.59,51.523705,107537200
662,2019-08-21,53.247501,53.412498,52.900002,53.16,52.082142,86141600
663,2019-08-22,53.297501,53.610001,52.6875,53.115002,52.038063,89014800
664,2019-08-23,52.357498,53.012501,50.25,50.66,49.632832,187272000
665,2019-08-26,51.465,51.797501,51.264999,51.622501,50.575821,104174400
666,2019-08-27,51.965,52.137501,50.8825,51.040001,50.005131,103493200
667,2019-08-28,51.025002,51.43,50.830002,51.3825,50.340691,63755200
668,2019-08-29,52.125,52.330002,51.665001,52.252499,51.193043,83962000
669,2019-08-30,52.540001,52.612499,51.799999,52.185001,51.126911,84573600
670,2019-09-03,51.607498,51.744999,51.055,51.424999,50.38232,80092000
671,2019-09-04,52.0975,52.369999,51.830002,52.297501,51.237137,76752400
672,2019-09-05,53.0,53.4925,52.877499,53.32,52.238903,95654800
673,2019-09-06,53.512501,53.605,53.127499,53.314999,52.234001,77449200
674,2019-09-09,53.709999,54.110001,52.767502,53.5425,52.45689,109237600
675,2019-09-10,53.465,54.195,52.927502,54.174999,53.076561,127111600
676,2019-09-11,54.517502,55.927502,54.432499,55.897499,54.764141,177158400
677,2019-09-12,56.200001,56.605,55.715,55.772499,54.641685,128906800
678,2019-09-13,55.0,55.197498,54.255001,54.6875,53.578674,159053200
679,2019-09-16,54.432499,55.032501,54.389999,54.974998,53.86034,84632400
680,2019-09-17,54.990002,55.205002,54.779999,55.174999,54.056293,73274800
681,2019-09-18,55.264999,55.712502,54.860001,55.692501,54.563301,101360000
682,2019-09-19,55.502499,55.939999,55.092499,55.240002,54.119972,88242400
683,2019-09-20,55.345001,55.639999,54.3675,54.432499,53.328842,221652400
684,2019-09-23,54.737499,54.959999,54.412498,54.68,53.571327,76662000
685,2019-09-24,55.2575,55.622501,54.297501,54.419998,53.316601,124763200
686,2019-09-25,54.637501,55.375,54.285,55.2575,54.137112,87613600
687,2019-09-26,55.0,55.235001,54.7075,54.9725,53.857895,75334000
688,2019-09-27,55.134998,55.240002,54.32,54.705002,53.595821,101408000
689,2019-09-30,55.224998,56.145,55.197498,55.9925,54.85722,103909600
690,2019-10-01,56.267502,57.055,56.049999,56.147499,55.009075,139223200
691,2019-10-02,55.764999,55.895,54.482498,54.740002,53.630108,138449200
692,2019-10-03,54.607498,55.240002,53.782501,55.205002,54.085682,114426000
693,2019-10-04,56.41,56.872501,55.9725,56.752499,55.601807,138478800
694,2019-10-07,56.567501,57.482498,56.459999,56.764999,55.614048,122306000
695,2019-10-08,56.455002,57.014999,56.0825,56.099998,54.962532,111820000
696,2019-10-09,56.7575,56.947498,56.41,56.7575,55.606705,74770400
697,2019-10-10,56.982498,57.610001,56.825001,57.522499,56.35619,113013600
698,2019-10-11,58.237499,59.41,58.077499,59.052502,57.855175,166795600
699,2019-10-14,58.724998,59.532501,58.6675,58.967499,57.771893,96427600
700,2019-10-15,59.0975,59.412498,58.720001,58.830002,57.63718,87360000
701,2019-10-16,58.342499,58.810001,58.299999,58.592499,57.404495,73903200
702,2019-10-17,58.772499,59.037498,58.380001,58.82,57.627384,67585200
703,2019-10-18,58.647499,59.395,58.572498,59.102501,57.90416,97433600
704,2019-10-21,59.380001,60.247501,59.330002,60.127499,58.908379,87247200
705,2019-10-22,60.290001,60.549999,59.904999,59.990002,58.773666,82293600
706,2019-10-23,60.525002,60.810001,60.305,60.794998,59.562344,75828800
707,2019-10-24,61.127499,61.200001,60.452499,60.895,59.660316,69275200
708,2019-10-25,60.790001,61.682499,60.720001,61.645,60.395111,73477200
709,2019-10-28,61.855,62.3125,61.68,62.262501,61.000092,96572800
710,2019-10-29,62.2425,62.4375,60.642502,60.822498,59.589283,142839600
711,2019-10-30,61.189999,61.325001,60.302502,60.814999,59.581936,124522000
712,2019-10-31,61.810001,62.2925,59.314999,62.189999,60.929058,139162000
713,2019-11-01,62.384998,63.982498,62.290001,63.955002,62.658276,151125200
714,2019-11-04,64.332497,64.462502,63.845001,64.375,63.069756,103272000
715,2019-11-05,64.262497,64.547501,64.080002,64.282501,62.979126,79897600
716,2019-11-06,64.192497,64.372498,63.842499,64.309998,63.006069,75864400
717,2019-11-07,64.684998,65.087502,64.527496,64.857498,63.733234,94940400
718,2019-11-08,64.672501,65.110001,64.212502,65.035004,63.907677,69986400
719,2019-11-11,64.574997,65.6175,64.57,65.550003,64.413742,81821200
720,2019-11-12,65.387497,65.697502,65.230003,65.489998,64.354774,87388800
721,2019-11-13,65.282501,66.195,65.267502,66.1175,64.971397,102734400
722,2019-11-14,65.9375,66.220001,65.525002,65.660004,64.521843,89182800
723,2019-11-15,65.919998,66.445,65.752502,66.440002,65.28833,100206400
724,2019-11-18,66.449997,66.857498,66.057503,66.775002,65.6175,86703200
725,2019-11-19,66.974998,67.0,66.347504,66.572502,65.418526,76167200
726,2019-11-20,66.385002,66.519997,65.099998,65.797501,64.656944,106234400
727,2019-11-21,65.922501,66.002502,65.294998,65.502502,64.367065,121395200
728,2019-11-22,65.647499,65.794998,65.209999,65.445,64.310562,65325200
729,2019-11-25,65.677498,66.610001,65.629997,66.592499,65.438164,84020400
730,2019-11-26,66.735001,66.790001,65.625,66.072502,64.927193,105207600
731,2019-11-27,66.394997,66.995003,66.327499,66.959999,65.799294,65235600
732,2019-11-29,66.650002,67.0,66.474998,66.8125,65.65435,46617600
733,2019-12-02,66.817497,67.0625,65.862503,66.040001,64.895241,94487200
734,2019-12-03,64.577499,64.8825,64.072502,64.862503,63.738167,114430400
735,2019-12-04,65.267502,65.827499,65.169998,65.434998,64.300728,67181600
736,2019-12-05,65.947502,66.472504,65.682503,66.394997,65.244087,74424400
737,2019-12-06,66.870003,67.75,66.824997,67.677498,66.504364,106075600
738,2019-12-09,67.5,67.699997,66.227501,66.730003,65.573288,128042400
739,2019-12-10,67.150002,67.517502,66.464996,67.120003,65.956528,90420400
740,2019-12-11,67.202499,67.775002,67.125,67.692497,66.519096,78756800
741,2019-12-12,66.945,68.139999,66.830002,67.864998,66.688614,137310400
742,2019-12-13,67.864998,68.824997,67.732498,68.787498,67.595116,133587600
743,2019-12-16,69.25,70.197502,69.245003,69.964996,68.752197,128186000
744,2019-12-17,69.892502,70.442497,69.699997,70.102501,68.887321,114158400
745,2019-12-18,69.949997,70.474998,69.779999,69.934998,68.722725,116028400
746,2019-12-19,69.875,70.294998,69.737503,70.004997,68.791519,98369200
747,2019-12-20,70.557503,70.662498,69.639999,69.860001,68.649025,275978000
748,2019-12-23,70.1325,71.0625,70.092499,71.0,69.769264,98572000
749,2019-12-24,71.172501,71.222504,70.730003,71.067497,69.835594,48478800
750,2019-12-26,71.205002,72.495003,71.175003,72.477501,71.221169,93121200
751,2019-12-27,72.779999,73.4925,72.029999,72.449997,71.194122,146266000
752,2019-12-30,72.364998,73.172501,71.305,72.879997,71.616676,144114400
753,2019-12-31,72.482498,73.419998,72.379997,73.412498,72.139946,100805600
754,2020-01-02,74.059998,75.150002,73.797501,75.087502,73.785912,135480400
755,2020-01-03,74.287498,75.144997,74.125,74.357498,73.068558,146322800
756,2020-01-06,73.447502,74.989998,73.1875,74.949997,73.650787,118387200
757,2020-01-07,74.959999,75.224998,74.370003,74.597504,73.304413,108872000
758,2020-01-08,74.290001,76.110001,74.290001,75.797501,74.483597,132079200
759,2020-01-09,76.809998,77.607498,76.550003,77.407501,76.065697,170108400
760,2020-01-10,77.650002,78.167503,77.0625,77.582497,76.237656,140644800
761,2020-01-13,77.910004,79.267502,77.787498,79.239998,77.866432,121532000
762,2020-01-14,79.175003,79.392502,78.042503,78.169998,76.814972,161954400
763,2020-01-15,77.962502,78.875,77.387497,77.834999,76.485786,121923600
764,2020-01-16,78.397499,78.925003,78.022499,78.809998,77.443886,108829200
765,2020-01-17,79.067497,79.684998,78.75,79.682503,78.301254,137816400
766,2020-01-21,79.297501,79.754997,79.0,79.142502,77.770622,110843200
767,2020-01-22,79.644997,79.997498,79.327499,79.425003,78.048225,101832400
768,2020-01-23,79.480003,79.889999,78.912498,79.807503,78.424103,104472000
769,2020-01-24,80.0625,80.832497,79.379997,79.577499,78.198074,146537600
770,2020-01-27,77.514999,77.942497,76.220001,77.237503,75.898643,161940000
771,2020-01-28,78.150002,79.599998,78.047501,79.422501,78.045769,162234000
772,2020-01-29,81.112503,81.962502,80.345001,81.084999,79.679459,216229200
773,2020-01-30,80.135002,81.022499,79.6875,80.967499,79.563995,126743200
774,2020-01-31,80.232498,80.669998,77.072502,77.377502,76.036232,199588400
775,2020-02-03,76.074997,78.372498,75.555,77.165001,75.827393,173788400
776,2020-02-04,78.827499,79.910004,78.407501,79.712502,78.330742,136616400
777,2020-02-05,80.879997,81.190002,79.737503,80.362503,78.969482,118826800
778,2020-02-06,80.642502,81.305,80.065002,81.302498,79.893181,105425600
779,2020-02-07,80.592499,80.849998,79.5,80.0075,78.80722,117684000
780,2020-02-10,78.544998,80.387497,78.462502,80.387497,79.181511,109348800
781,2020-02-11,80.900002,80.974998,79.677498,79.902496,78.703796,94323200
782,2020-02-12,80.3675,81.805,80.3675,81.800003,80.572845,113730400
783,2020-02-13,81.047501,81.555,80.837502,81.217499,79.999069,94747600
784,2020-02-14,81.184998,81.495003,80.712502,81.237503,80.018761,80113600
785,2020-02-18,78.839996,79.9375,78.652496,79.75,78.553581,152531200
786,2020-02-19,80.0,81.142502,80.0,80.904999,79.691254,93984000
787,2020-02-20,80.657501,81.162498,79.552498,80.074997,78.873695,100566000
788,2020-02-21,79.654999,80.112503,77.625,78.262497,77.088402,129554000
789,2020-02-24,74.315002,76.044998,72.307503,74.544998,73.426666,222195200
790,2020-02-25,75.237503,75.6325,71.532501,72.019997,70.939545,230673600
791,2020-02-26,71.6325,74.470001,71.625,73.162498,72.064911,198054800
792,2020-02-27,70.275002,71.5,68.239998,68.379997,67.354149,320605600
793,2020-02-28,64.315002,69.602501,64.092499,68.339996,67.314751,426510000
794,2020-03-02,70.57,75.360001,69.43,74.702499,73.581802,341397200
795,2020-03-03,75.917503,76.0,71.449997,72.330002,71.244888,319475600
796,2020-03-04,74.110001,75.849998,73.282501,75.684998,74.549568,219178400
797,2020-03-05,73.879997,74.887497,72.852501,73.230003,72.131409,187572800
798,2020-03-06,70.5,72.705002,70.307503,72.2575,71.173477,226176800
799,2020-03-09,65.9375,69.522499,65.75,66.542503,65.544228,286744800
800,2020-03-10,69.285004,71.610001,67.342499,71.334999,70.264832,285290000
801,2020-03-11,69.347504,70.305,67.964996,68.857498,67.824509,255598800
802,2020-03-12,63.985001,67.5,62.0,62.057499,61.126503,418474000
803,2020-03-13,66.222504,69.980003,63.237499,69.4925,68.449974,370732000
804,2020-03-16,60.487499,64.769997,60.0,60.552502,59.644085,322423600
805,2020-03-17,61.877499,64.402496,59.599998,63.215,62.26664,324056000
806,2020-03-18,59.942501,62.5,59.279999,61.6675,60.742352,300233600
807,2020-03-19,61.8475,63.209999,60.6525,61.195,60.276939,271857200
808,2020-03-20,61.794998,62.9575,57.0,57.310001,56.45023,401693200
809,2020-03-23,57.02,57.125,53.1525,56.092499,55.250996,336752800
810,2020-03-24,59.09,61.922501,58.575001,61.720001,60.794071,287531200
811,2020-03-25,62.6875,64.5625,61.075001,61.380001,60.459175,303602000
812,2020-03-26,61.630001,64.669998,61.59,64.610001,63.640717,252087200
813,2020-03-27,63.1875,63.967499,61.762501,61.935001,61.005848,204216800
814,2020-03-30,62.685001,63.880001,62.349998,63.702499,62.746822,167976400
815,2020-03-31,63.900002,65.622498,63.0,63.572498,62.618782,197002000
816,2020-04-01,61.625,62.18,59.782501,60.227501,59.323963,176218400
817,2020-04-02,60.084999,61.287498,59.224998,61.232498,60.313885,165934000
818,2020-04-03,60.700001,61.424999,59.7425,60.352501,59.44709,129880000
819,2020-04-06,62.724998,65.777496,62.345001,65.6175,64.63311,201820400
820,2020-04-07,67.699997,67.925003,64.75,64.857498,63.884491,202887200
821,2020-04-08,65.684998,66.842499,65.307503,66.517502,65.5196,168895200
822,2020-04-09,67.175003,67.517502,66.175003,66.997498,65.992393,161834800
823,2020-04-13,67.077499,68.425003,66.457497,68.3125,67.287659,131022800
824,2020-04-14,70.0,72.0625,69.512497,71.762497,70.685913,194994800
825,2020-04-15,70.599998,71.582497,70.157501,71.107498,70.040733,131154400
826,2020-04-16,71.845001,72.050003,70.587502,71.672501,70.597267,157125200
827,2020-04-17,71.172501,71.737503,69.214996,70.699997,69.639359,215250000
828,2020-04-20,69.487503,70.419998,69.212502,69.232498,68.193871,130015200
829,2020-04-21,69.07,69.3125,66.357498,67.092499,66.085968,180991600
830,2020-04-22,68.402496,69.474998,68.050003,69.025002,67.989487,116862400
831,2020-04-23,68.967499,70.4375,68.717499,68.7575,67.72599,124814400
832,2020-04-24,69.300003,70.752502,69.25,70.7425,69.681221,126161200
833,2020-04-27,70.449997,71.135002,69.987503,70.792503,69.730461,117087600
834,2020-04-28,71.269997,71.457497,69.550003,69.644997,68.600174,112004800
835,2020-04-29,71.182503,72.417503,70.972504,71.932503,70.853378,137280800
836,2020-04-30,72.489998,73.6325,72.087502,73.449997,72.348091,183064000
837,2020-05-01,71.5625,74.75,71.462502,72.267502,71.183342,240616800
838,2020-05-04,72.292503,73.422501,71.580002,73.290001,72.190498,133568000
839,2020-05-05,73.764999,75.25,73.614998,74.389999,73.273987,147751200
840,2020-05-06,75.114998,75.809998,74.717499,75.157501,74.029976,142333600
841,2020-05-07,75.805,76.292503,75.4925,75.934998,74.795815,115215200
842,2020-05-08,76.410004,77.587502,76.072502,77.532501,76.576073,133838400
843,2020-05-11,77.025002,79.262497,76.809998,78.752502,77.781021,145946400
844,2020-05-12,79.457497,79.922501,77.727501,77.852501,76.892136,162301200
845,2020-05-13,78.037498,78.987503,75.802498,76.912498,75.96373,200622400
846,2020-05-14,76.127502,77.447502,75.3825,77.385002,76.430405,158929200
847,2020-05-15,75.087502,76.974998,75.052498,76.927498,75.978539,166348400
848,2020-05-18,78.292503,79.125,77.580002,78.739998,77.768684,135178400
849,2020-05-19,78.7575,79.629997,78.252502,78.285004,77.319298,101729600
850,2020-05-20,79.169998,79.879997,79.129997,79.807503,78.823021,111504800
851,2020-05-21,79.665001,80.222504,78.967499,79.212502,78.235359,102688800
852,2020-05-22,78.942497,79.807503,78.837502,79.722504,78.739082,81803200
853,2020-05-26,80.875,81.059998,79.125,79.182503,78.205734,125522000
854,2020-05-27,79.035004,79.677498,78.272499,79.527496,78.546471,112945200
855,2020-05-28,79.192497,80.860001,78.907501,79.5625,78.581024,133560800
856,2020-05-29,79.8125,80.287498,79.1175,79.485001,78.504494,153532400
857,2020-06-01,79.4375,80.587502,79.302498,80.462502,79.46994,80791200
858,2020-06-02,80.1875,80.860001,79.732498,80.834999,79.837845,87642800
859,2020-06-03,81.165001,81.550003,80.574997,81.279999,80.277344,104491200
860,2020-06-04,81.097504,81.404999,80.195,80.580002,79.585983,87560400
861,2020-06-05,80.837502,82.9375,80.807503,82.875,81.852669,137250400
862,2020-06-08,82.5625,83.400002,81.830002,83.364998,82.336624,95654400
863,2020-06-09,83.035004,86.402496,83.002502,85.997498,84.936661,147712400
864,2020-06-10,86.974998,88.692497,86.522499,88.209999,87.121864,166651600
865,2020-06-11,87.327499,87.764999,83.870003,83.974998,82.93911,201662400
866,2020-06-12,86.18,86.949997,83.555,84.699997,83.655151,200146000
867,2020-06-15,83.3125,86.419998,83.144997,85.747498,84.689735,138808800
868,2020-06-16,87.864998,88.300003,86.18,88.019997,86.934204,165428800
869,2020-06-17,88.787498,88.849998,87.772499,87.897499,86.813225,114406400
870,2020-06-18,87.852501,88.362503,87.305,87.932503,86.847794,96820400
871,2020-06-19,88.660004,89.139999,86.287498,87.43,86.351494,264476000
872,2020-06-22,87.834999,89.864998,87.787498,89.717499,88.610764,135445200
873,2020-06-23,91.0,93.095001,90.567497,91.6325,90.502136,212155600
874,2020-06-24,91.25,92.197502,89.629997,90.014999,88.904602,192623200
875,2020-06-25,90.175003,91.25,89.392502,91.209999,90.084862,137522400
876,2020-06-26,91.102501,91.330002,88.254997,88.407501,87.31694,205256800
877,2020-06-29,88.3125,90.542503,87.82,90.445,89.3293,130646000
878,2020-06-30,90.019997,91.495003,90.0,91.199997,90.074982,140223200
879,2020-07-01,91.279999,91.839996,90.977501,91.027496,89.904617,110737200
880,2020-07-02,91.962502,92.6175,90.910004,91.027496,89.904617,114041600
881,2020-07-06,92.5,93.945,92.467499,93.462502,92.309563,118655600
882,2020-07-07,93.852501,94.654999,93.057503,93.172501,92.023155,112424400
883,2020-07-08,94.18,95.375,94.089996,95.342499,94.166374,117092000
884,2020-07-09,96.262497,96.317497,94.672501,95.752502,94.571327,125642800
885,2020-07-10,95.334999,95.980003,94.705002,95.919998,94.736755,90257200
886,2020-07-13,97.264999,99.955002,95.2575,95.477501,94.299721,191649200
887,2020-07-14,94.839996,97.254997,93.877502,97.057503,95.860222,170989200
888,2020-07-15,98.989998,99.247498,96.489998,97.724998,96.519485,153198000
889,2020-07-16,96.5625,97.404999,95.904999,96.522499,95.331818,110577600
890,2020-07-17,96.987503,97.147499,95.839996,96.327499,95.139221,92186800
891,2020-07-20,96.417503,98.5,96.0625,98.357498,97.14418,90318000
892,2020-07-21,99.172501,99.25,96.7425,97.0,95.803429,103433200
893,2020-07-22,96.692497,97.974998,96.602501,97.272499,96.072563,89001600
894,2020-07-23,96.997498,97.077499,92.010002,92.845001,91.699677,197004400
895,2020-07-24,90.987503,92.970001,89.144997,92.614998,91.472511,185438800
896,2020-07-27,93.709999,94.904999,93.480003,94.809998,93.640442,121214000
897,2020-07-28,94.3675,94.550003,93.247498,93.252502,92.102165,103625600
898,2020-07-29,93.75,95.230003,93.712502,95.040001,93.867622,90329200
899,2020-07-30,94.1875,96.297501,93.767502,96.190002,95.003433,158130000
900,2020-07-31,102.885002,106.415001,100.824997,106.260002,104.949211,374336800
901,2020-08-03,108.199997,111.637497,107.892502,108.9375,107.593681,308151200
902,2020-08-04,109.1325,110.790001,108.387497,109.665001,108.31221,173071600
903,2020-08-05,109.377502,110.392502,108.897499,110.0625,108.704788,121776800
904,2020-08-06,110.404999,114.412498,109.797501,113.902496,112.497429,202428800
905,2020-08-07,113.205002,113.675003,110.292503,111.112503,109.93972,198045600
906,2020-08-10,112.599998,113.775002,110.0,112.727501,111.537666,212403600
907,2020-08-11,111.970001,112.482498,109.107498,109.375,108.220551,187902400
908,2020-08-12,110.497498,113.275002,110.297501,113.010002,111.817192,165598000
909,2020-08-13,114.43,116.042503,113.927498,115.010002,113.796074,210082000
910,2020-08-14,114.830002,115.0,113.044998,114.907501,113.694672,165565200
911,2020-08-17,116.0625,116.087502,113.962502,114.607498,113.39782,119561600
912,2020-08-18,114.352501,116.0,114.0075,115.5625,114.342735,105633600
913,2020-08-19,115.982498,117.162498,115.610001,115.707497,114.486206,145538000
914,2020-08-20,115.75,118.392502,115.732498,118.275002,117.026611,126907200
915,2020-08-21,119.262497,124.8675,119.25,124.370003,123.057281,338054800
916,2020-08-24,128.697495,128.785004,123.9375,125.857498,124.529068,345937600
917,2020-08-25,124.697502,125.18,123.052498,124.824997,123.507484,211495600
918,2020-08-26,126.18,126.9925,125.082497,126.522499,125.187057,163022400
919,2020-08-27,127.142502,127.485001,123.832497,125.010002,123.690521,155552400
920,2020-08-28,126.012497,126.442497,124.577499,124.807503,123.490166,187630000
921,2020-08-31,127.580002,131.0,126.0,129.039993,127.677963,225702700
922,2020-09-01,132.759995,134.800003,130.529999,134.179993,132.763733,151948100
923,2020-09-02,137.589996,137.979996,127.0,131.399994,130.013046,200119000
924,2020-09-03,126.910004,128.839996,120.5,120.879997,119.604103,257599600
925,2020-09-04,120.07,123.699997,110.889999,120.959999,119.683266,332607200
926,2020-09-08,113.949997,118.989998,112.68,112.82,111.629189,231366600
927,2020-09-09,117.260002,119.139999,115.260002,117.32,116.081688,176940500
928,2020-09-10,120.360001,120.5,112.5,113.489998,112.292114,182274400
929,2020-09-11,114.57,115.230003,110.0,112.0,110.817841,180860300
930,2020-09-14,114.720001,115.93,112.800003,115.360001,114.14238,140150100
931,2020-09-15,118.330002,118.830002,113.610001,115.540001,114.32048,184642000
932,2020-09-16,115.230003,116.0,112.040001,112.129997,110.946472,154679000
933,2020-09-17,109.720001,112.199997,108.709999,110.339996,109.175362,178011000
934,2020-09-18,110.400002,110.879997,106.089996,106.839996,105.712311,287104900
935,2020-09-21,104.540001,110.190002,103.099998,110.080002,108.918106,195713800
936,2020-09-22,112.68,112.860001,109.160004,111.809998,110.629852,183055400
937,2020-09-23,111.620003,112.110001,106.769997,107.120003,105.989349,150718700
938,2020-09-24,105.169998,110.25,105.0,108.220001,107.077744,167743300
939,2020-09-25,108.43,112.440002,107.669998,112.279999,111.094887,149981400
940,2020-09-28,115.010002,115.32,112.779999,114.959999,113.746613,137672400
941,2020-09-29,114.550003,115.309998,113.57,114.089996,112.88578,99382200
942,2020-09-30,113.790001,117.260002,113.620003,115.809998,114.587631,142675200
943,2020-10-01,117.639999,117.720001,115.830002,116.790001,115.557289,116120400
944,2020-10-02,112.889999,115.370003,112.220001,113.019997,111.827065,144712000
945,2020-10-05,113.910004,116.650002,113.550003,116.5,115.270348,106243800
946,2020-10-06,115.699997,116.120003,112.25,113.160004,111.965607,161498200
947,2020-10-07,114.620003,115.550003,114.129997,115.080002,113.865341,96849000
948,2020-10-08,116.25,116.400002,114.589996,114.970001,113.756508,83477200
949,2020-10-09,115.279999,117.0,114.919998,116.970001,115.73539,100506900
950,2020-10-12,120.059998,125.18,119.279999,124.400002,123.086952,240226800
951,2020-10-13,125.269997,125.389999,119.650002,121.099998,119.821785,262330500
952,2020-10-14,121.0,123.029999,119.620003,121.190002,119.910851,150712000
953,2020-10-15,118.720001,121.199997,118.150002,120.709999,119.435905,112559200
954,2020-10-16,121.279999,121.550003,118.809998,119.019997,117.763748,115393800
955,2020-10-19,119.959999,120.419998,115.660004,115.980003,114.755836,120639300
956,2020-10-20,116.199997,118.980003,115.629997,117.510002,116.269684,124423700
957,2020-10-21,116.669998,118.709999,116.449997,116.870003,115.636436,89946000
958,2020-10-22,117.449997,118.040001,114.589996,115.75,114.528259,101988000
959,2020-10-23,116.389999,116.550003,114.279999,115.040001,113.825752,82572600
960,2020-10-26,114.010002,116.550003,112.879997,115.050003,113.835663,111850700
961,2020-10-27,115.489998,117.279999,114.540001,116.599998,115.369293,92276800
962,2020-10-28,115.050003,115.43,111.099998,111.199997,110.026283,143937800
963,2020-10-29,112.370003,116.93,112.199997,115.32,114.102798,146129200
964,2020-10-30,111.059998,111.989998,107.720001,108.860001,107.710983,190272600
965,2020-11-02,109.110001,110.68,107.32,108.769997,107.621933,122866900
966,2020-11-03,109.660004,111.489998,108.730003,110.440002,109.274315,107624400
967,2020-11-04,114.139999,115.589996,112.349998,114.949997,113.736702,138235500
968,2020-11-05,117.949997,119.620003,116.870003,119.029999,117.773628,126387100
969,2020-11-06,118.32,119.199997,116.129997,118.690002,117.639847,114457900
970,2020-11-09,120.5,121.989998,116.050003,116.32,115.290802,154515300
971,2020-11-10,115.550003,117.589996,114.129997,115.970001,114.943901,138023400
972,2020-11-11,117.190002,119.629997,116.440002,119.489998,118.432762,112295000
973,2020-11-12,119.620003,120.529999,118.57,119.209999,118.155235,103162300
974,2020-11-13,119.440002,119.669998,117.870003,119.260002,118.204796,81581900
975,2020-11-16,118.919998,120.989998,118.150002,120.300003,119.235596,91183000
976,2020-11-17,119.550003,120.669998,118.959999,119.389999,118.333649,74271000
977,2020-11-18,118.610001,119.82,118.0,118.029999,116.98568,76322100
978,2020-11-19,117.589996,119.059998,116.809998,118.639999,117.590279,74113000
979,2020-11-20,118.639999,118.769997,117.290001,117.339996,116.301781,73604300
980,2020-11-23,117.18,117.620003,113.75,113.849998,112.842659,127959300
981,2020-11-24,113.910004,115.849998,112.589996,115.169998,114.150993,113874200
982,2020-11-25,115.550003,116.75,115.169998,116.029999,115.003372,76499200
983,2020-11-27,116.57,117.489998,116.220001,116.589996,115.558426,46691300
984,2020-11-30,116.970001,120.970001,116.809998,119.050003,117.996666,169410200
985,2020-12-01,121.010002,123.470001,120.010002,122.720001,121.634186,127728200
986,2020-12-02,122.019997,123.370003,120.889999,123.080002,121.991005,89004200
987,2020-12-03,123.519997,123.779999,122.209999,122.940002,121.852234,78967600
988,2020-12-04,122.599998,122.860001,121.519997,122.25,121.16835,78260400
989,2020-12-07,122.309998,124.57,122.25,123.75,122.655075,86712000
990,2020-12-08,124.370003,124.980003,123.089996,124.379997,123.279495,82225500
991,2020-12-09,124.529999,125.949997,121.0,121.779999,120.702492,115089200
992,2020-12-10,120.5,123.870003,120.150002,123.239998,122.149582,81312200
993,2020-12-11,122.43,122.760002,120.550003,122.410004,121.326927,86939800
994,2020-12-14,122.599998,123.349998,121.540001,121.779999,120.702492,79184500
995,2020-12-15,124.339996,127.900002,124.129997,127.879997,126.748528,157243700
996,2020-12-16,127.410004,128.369995,126.559998,127.809998,126.679146,98208600
997,2020-12-17,128.899994,129.580002,128.039993,128.699997,127.561272,94359800
998,2020-12-18,128.960007,129.100006,126.120003,126.660004,125.53933,192541500
999,2020-12-21,125.019997,128.309998,123.449997,128.229996,127.095428,121251600
1000,2020-12-22,131.610001,134.410004,129.649994,131.880005,130.713104,168904800
1001,2020-12-23,132.160004,132.429993,130.779999,130.960007,129.80127,88223700
1002,2020-12-24,131.320007,133.460007,131.100006,131.970001,130.802338,54930100
1003,2020-12-28,133.990005,137.339996,133.509995,136.690002,135.480591,124486200
1004,2020-12-29,138.050003,138.789993,134.339996,134.869995,133.676666,121047300
1005,2020-12-30,135.580002,135.990005,133.399994,133.720001,132.53685,96452100
1006,2020-12-31,134.080002,134.740005,131.720001,132.690002,131.515976,99116600
1007,2021-01-04,133.520004,133.610001,126.760002,129.410004,128.264984,143301900
1008,2021-01-05,128.889999,131.740005,128.429993,131.009995,129.850815,97664900
1009,2021-01-06,127.720001,131.050003,126.379997,126.599998,125.479843,155088000
1010,2021-01-07,128.360001,131.630005,127.860001,130.919998,129.761612,109578200
1011,2021-01-08,132.429993,132.630005,130.229996,132.050003,130.881638,105158200
1012,2021-01-11,129.190002,130.169998,128.5,128.979996,127.838783,100384500
1013,2021-01-12,128.5,129.690002,126.860001,128.800003,127.660385,91951100
1014,2021-01-13,128.759995,131.449997,128.490005,130.889999,129.731903,88636800
1015,2021-01-14,130.800003,131.0,128.759995,128.910004,127.769424,90221800
1016,2021-01-15,128.779999,130.220001,127.0,127.139999,126.015068,111598500
1017,2021-01-19,127.779999,128.710007,126.940002,127.830002,126.698967,90757300
1018,2021-01-20,128.660004,132.490005,128.550003,132.029999,130.861816,104319500
1019,2021-01-21,133.800003,139.669998,133.589996,136.869995,135.658981,120150900
1020,2021-01-22,136.279999,139.850006,135.020004,139.070007,137.839539,114459400
1021,2021-01-25,143.070007,145.089996,136.539993,142.919998,141.655441,157611700
1022,2021-01-26,143.600006,144.300003,141.369995,143.160004,141.893326,98390600
1023,2021-01-27,143.429993,144.300003,140.410004,142.059998,140.80307,140843800
1024,2021-01-28,139.520004,141.990005,136.699997,137.089996,135.877029,142621100
1025,2021-01-29,135.830002,136.740005,130.210007,131.960007,130.792435,177523800
1026,2021-02-01,133.75,135.380005,130.929993,134.139999,132.95314,106239800
1027,2021-02-02,135.729996,136.309998,134.610001,134.990005,133.795624,83305400
1028,2021-02-03,135.759995,135.770004,133.610001,133.940002,132.754913,89880900
1029,2021-02-04,136.300003,137.399994,134.589996,137.389999,136.174377,84183100
1030,2021-02-05,137.350006,137.419998,135.860001,136.759995,135.752502,75693800
1031,2021-02-08,136.029999,136.960007,134.919998,136.910004,135.901413,71297200
1032,2021-02-09,136.619995,137.880005,135.850006,136.009995,135.008041,76774200
1033,2021-02-10,136.479996,136.990005,134.399994,135.389999,134.392624,73046600
1034,2021-02-11,135.899994,136.389999,133.770004,135.130005,134.134506,64280000
1035,2021-02-12,134.350006,135.529999,133.690002,135.369995,134.372757,60145100
1036,2021-02-16,135.490005,136.009995,132.789993,133.190002,132.208817,80576300
1037,2021-02-17,131.25,132.220001,129.470001,130.839996,129.876114,97918500
1038,2021-02-18,129.199997,130.0,127.410004,129.710007,128.75444,96856700
1039,2021-02-19,130.240005,130.710007,128.800003,129.869995,128.913269,87668800
1040,2021-02-22,128.009995,129.720001,125.599998,126.0,125.071793,103916400
1041,2021-02-23,123.760002,126.709999,118.389999,125.860001,124.932816,158273000
1042,2021-02-24,124.940002,125.559998,122.230003,125.349998,124.426567,111039900
1043,2021-02-25,124.68,126.459999,120.540001,120.989998,120.098679,148199500
1044,2021-02-26,122.589996,124.849998,121.199997,121.260002,120.366699,164560400
1045,2021-03-01,123.75,127.93,122.790001,127.790001,126.848587,116307900
1046,2021-03-02,128.410004,128.720001,125.010002,125.120003,124.198265,102260900
1047,2021-03-03,124.809998,125.709999,121.839996,122.059998,121.160797,112966300
1048,2021-03-04,121.75,123.599998,118.620003,120.129997,119.245018,178155000
1049,2021-03-05,120.980003,121.940002,117.57,121.419998,120.525513,153766600
1050,2021-03-08,120.93,121.0,116.209999,116.360001,115.502792,154376600
1051,2021-03-09,119.029999,122.059998,118.790001,121.089996,120.197937,129525800
1052,2021-03-10,121.690002,122.169998,119.449997,119.980003,119.09613,111943300
1053,2021-03-11,122.540001,123.209999,121.260002,121.959999,121.061531,103026500
1054,2021-03-12,120.400002,121.169998,119.160004,121.029999,120.13839,88105100
1055,2021-03-15,121.410004,124.0,120.419998,123.989998,123.076584,92403800
1056,2021-03-16,125.699997,127.220001,124.720001,125.57,124.644951,115227900
1057,2021-03-17,124.050003,125.860001,122.339996,124.760002,123.840912,111932600
1058,2021-03-18,122.879997,123.18,120.32,120.529999,119.642075,121229700
1059,2021-03-19,119.900002,121.43,119.68,119.989998,119.106049,185549500
1060,2021-03-22,120.330002,123.870003,120.260002,123.389999,122.481003,111912300
1061,2021-03-23,123.330002,124.239998,122.139999,122.540001,121.637268,95467100
1062,2021-03-24,122.82,122.900002,120.07,120.089996,119.205315,88530500
1063,2021-03-25,119.540001,121.660004,119.0,120.589996,119.70163,98844700
1064,2021-03-26,120.349998,121.480003,118.919998,121.209999,120.317055,94071200
1065,2021-03-29,121.650002,122.580002,120.730003,121.389999,120.495735,80819200
1066,2021-03-30,120.110001,120.400002,118.860001,119.900002,119.016724,85671900
1067,2021-03-31,121.650002,123.519997,121.150002,122.150002,121.250137,118323800
1068,2021-04-01,123.660004,124.18,122.489998,123.0,122.093887,75089100
1069,2021-04-05,123.870003,126.160004,123.07,125.900002,124.972519,88651200
1070,2021-04-06,126.5,127.129997,125.650002,126.209999,125.280235,80171300
1071,2021-04-07,125.830002,127.919998,125.139999,127.900002,126.957787,83466700
1072,2021-04-08,128.949997,130.389999,128.520004,130.360001,129.399658,88844600
1073,2021-04-09,129.800003,133.039993,129.470001,133.0,132.020218,106686700
1074,2021-04-12,132.520004,132.850006,130.630005,131.240005,130.273193,91420000
1075,2021-04-13,132.440002,134.660004,131.929993,134.429993,133.439667,91266500
1076,2021-04-14,134.940002,135.0,131.660004,132.029999,131.057358,87222800
1077,2021-04-15,133.820007,135.0,133.639999,134.5,133.509155,89347100
1078,2021-04-16,134.300003,134.669998,133.279999,134.160004,133.171677,84922400
1079,2021-04-19,133.509995,135.470001,133.339996,134.839996,133.846664,94264200
1080,2021-04-20,135.020004,135.529999,131.809998,133.110001,132.12941,94812300
1081,2021-04-21,132.360001,133.75,131.300003,133.5,132.516525,68847100
1082,2021-04-22,133.039993,134.149994,131.410004,131.940002,130.968018,84566500
1083,2021-04-23,132.160004,135.119995,132.160004,134.320007,133.330505,78657500
1084,2021-04-26,134.830002,135.059998,133.559998,134.720001,133.727554,66905100
1085,2021-04-27,135.009995,135.410004,134.110001,134.389999,133.399963,66015800
1086,2021-04-28,134.309998,135.020004,133.080002,133.580002,132.595947,107760100
1087,2021-04-29,136.470001,137.070007,132.449997,133.479996,132.496674,151101000
1088,2021-04-30,131.779999,133.559998,131.070007,131.460007,130.491562,109839500
1089,2021-05-03,132.039993,134.070007,131.830002,132.539993,131.563599,75135100
1090,2021-05-04,131.190002,131.490005,126.699997,127.849998,126.90815,137564700
1091,2021-05-05,129.199997,130.449997,127.970001,128.100006,127.156319,84000900
1092,2021-05-06,127.889999,129.75,127.129997,129.740005,128.784241,78128300
1093,2021-05-07,130.850006,131.259995,129.479996,130.210007,129.470322,78973300
1094,2021-05-10,129.410004,129.539993,126.809998,126.849998,126.129395,88071200
1095,2021-05-11,123.5,126.269997,122.769997,125.910004,125.19474,126142800
1096,2021-05-12,123.400002,124.639999,122.25,122.769997,122.072563,112172300
1097,2021-05-13,124.580002,126.150002,124.260002,124.970001,124.260071,105861300
1098,2021-05-14,126.25,127.889999,125.849998,127.449997,126.72599,81918000
1099,2021-05-17,126.82,126.93,125.169998,126.269997,125.552689,74244600
1100,2021-05-18,126.559998,126.989998,124.779999,124.849998,124.140747,63342900
1101,2021-05-19,123.160004,124.919998,122.860001,124.690002,123.981674,92612000
1102,2021-05-20,125.230003,127.720001,125.099998,127.309998,126.586777,76857100
1103,2021-05-21,127.82,128.0,125.209999,125.43,124.717461,79295400
1104,2021-05-24,126.010002,127.940002,125.940002,127.099998,126.377975,63092900
1105,2021-05-25,127.82,128.320007,126.32,126.900002,126.179108,72009500
1106,2021-05-26,126.959999,127.389999,126.419998,126.849998,126.129395,56575900
1107,2021-05-27,126.440002,127.639999,125.080002,125.279999,124.568314,94625600
1108,2021-05-28,125.57,125.800003,124.550003,124.610001,123.902115,71311100
1109,2021-06-01,125.080002,125.349998,123.940002,124.279999,123.573997,67637100
1110,2021-06-02,124.279999,125.239998,124.050003,125.059998,124.349556,59278900
1111,2021-06-03,124.68,124.849998,123.129997,123.540001,122.838196,76229200
1112,2021-06-04,124.07,126.160004,123.849998,125.889999,125.17485,75169300
1113,2021-06-07,126.169998,126.32,124.830002,125.900002,125.184792,71057600
1114,2021-06-08,126.599998,128.460007,126.209999,126.739998,126.020012,74403800
1115,2021-06-09,127.209999,127.75,126.519997,127.129997,126.407799,56877900
1116,2021-06-10,127.019997,128.190002,125.940002,126.110001,125.3936,71186400
1117,2021-06-11,126.529999,127.440002,126.099998,127.349998,126.626549,53522400
1118,2021-06-14,127.82,130.539993,127.07,130.479996,129.73877,96906500
1119,2021-06-15,129.940002,130.600006,129.389999,129.639999,128.903534,62746300
1120,2021-06-16,130.369995,130.889999,128.460007,130.149994,129.410629,91815000
1121,2021-06-17,129.800003,132.550003,129.649994,131.789993,131.041321,96721700
1122,2021-06-18,130.710007,131.509995,130.240005,130.460007,129.718903,108953300
1123,2021-06-21,130.300003,132.410004,129.210007,132.300003,131.548416,79663300
1124,2021-06-22,132.130005,134.080002,131.619995,133.979996,133.218872,74783600
1125,2021-06-23,133.770004,134.320007,133.229996,133.699997,132.940491,60214200
1126,2021-06-24,134.449997,134.639999,132.929993,133.410004,132.652145,68711000
1127,2021-06-25,133.460007,133.889999,132.809998,133.110001,132.353836,70783700
1128,2021-06-28,133.410004,135.25,133.350006,134.779999,134.014343,62111300
1129,2021-06-29,134.800003,136.490005,134.350006,136.330002,135.555542,64556100
1130,2021-06-30,136.169998,137.410004,135.869995,136.960007,136.181961,63261400
1131,2021-07-01,136.600006,137.330002,135.759995,137.270004,136.490204,52485800
1132,2021-07-02,137.899994,140.0,137.75,139.960007,139.164932,78852600
1133,2021-07-06,140.070007,143.149994,140.070007,142.020004,141.213211,108181800
1134,2021-07-07,143.539993,144.889999,142.660004,144.570007,143.748734,104911600
1135,2021-07-08,141.580002,144.059998,140.669998,143.240005,142.426285,105575500
1136,2021-07-09,142.75,145.649994,142.649994,145.110001,144.28566,99890800
1137,2021-07-12,146.210007,146.320007,144.0,144.5,143.679123,76299700
1138,2021-07-13,144.029999,147.460007,143.630005,145.639999,144.812653,100827100
1139,2021-07-14,148.100006,149.570007,147.679993,149.149994,148.302704,127050800
1140,2021-07-15,149.240005,150.0,147.089996,148.479996,147.63652,106820300
1141,2021-07-16,148.460007,149.759995,145.880005,146.389999,145.55838,93251400
1142,2021-07-19,143.75,144.070007,141.669998,142.449997,141.640762,121434600
1143,2021-07-20,143.460007,147.100006,142.960007,146.149994,145.319733,96350000
1144,2021-07-21,145.529999,146.130005,144.630005,145.399994,144.574005,74993500
1145,2021-07-22,145.940002,148.199997,145.809998,146.800003,145.966064,77338200
1146,2021-07-23,147.550003,148.720001,146.919998,148.559998,147.716049,71447400
1147,2021-07-26,148.270004,149.830002,147.699997,148.990005,148.143631,72434100
1148,2021-07-27,149.119995,149.210007,145.550003,146.770004,145.936249,104818600
1149,2021-07-28,144.809998,146.970001,142.539993,144.979996,144.156387,118931200
1150,2021-07-29,144.690002,146.550003,144.580002,145.639999,144.812653,56699500
1151,2021-07-30,144.380005,146.330002,144.110001,145.860001,145.031403,70440600
1152,2021-08-02,146.360001,146.949997,145.25,145.520004,144.693344,62880000
1153,2021-08-03,145.809998,148.039993,145.179993,147.360001,146.522888,64786600
1154,2021-08-04,147.270004,147.789993,146.279999,146.949997,146.115219,56368300
1155,2021-08-05,146.979996,147.839996,146.169998,147.059998,146.224579,46397700
1156,2021-08-06,146.350006,147.110001,145.630005,146.139999,145.527512,54126800
1157,2021-08-09,146.199997,146.699997,145.520004,146.089996,145.477722,48908700
1158,2021-08-10,146.440002,147.710007,145.300003,145.600006,144.989792,69023100
1159,2021-08-11,146.050003,146.720001,145.529999,145.860001,145.248703,48493500
1160,2021-08-12,146.190002,149.050003,145.839996,148.889999,148.266006,72282600
1161,2021-08-13,148.970001,149.440002,148.270004,149.100006,148.475113,59375000
1162,2021-08-16,148.539993,151.190002,146.470001,151.119995,150.486649,103296000
1163,2021-08-17,150.229996,151.679993,149.089996,150.190002,149.560562,92229700
1164,2021-08-18,149.800003,150.720001,146.149994,146.360001,145.746597,86326000
1165,2021-08-19,145.029999,148.0,144.5,146.699997,146.08519,86960300
1166,2021-08-20,147.440002,148.5,146.779999,148.190002,147.568939,60549600
1167,2021-08-23,148.309998,150.190002,147.889999,149.710007,149.082581,60131800
1168,2021-08-24,149.449997,150.860001,149.149994,149.619995,148.992935,48606400
1169,2021-08-25,149.809998,150.320007,147.800003,148.360001,147.738205,58991300
1170,2021-08-26,148.350006,149.119995,147.509995,147.539993,146.921661,48597200
1171,2021-08-27,147.479996,148.75,146.830002,148.600006,147.977219,55802400
1172,2021-08-30,149.0,153.490005,148.610001,153.119995,152.478256,90956700
1173,2021-08-31,152.660004,152.800003,151.289993,151.830002,151.19368,86453100
1174,2021-09-01,152.830002,154.979996,152.339996,152.509995,151.870819,80313700
1175,2021-09-02,153.869995,154.720001,152.399994,153.649994,153.006042,71115500
1176,2021-09-03,153.759995,154.630005,153.089996,154.300003,153.653336,57808700
1177,2021-09-07,154.970001,157.259995,154.389999,156.690002,156.033325,82278300
1178,2021-09-08,156.979996,157.039993,153.979996,155.110001,154.45993,74420200
1179,2021-09-09,155.490005,156.110001,153.949997,154.070007,153.424301,57305700
1180,2021-09-10,155.0,155.479996,148.699997,148.970001,148.345657,140893200
1181,2021-09-13,150.630005,151.419998,148.75,149.550003,148.923233,102404300
1182,2021-09-14,150.350006,151.070007,146.910004,148.119995,147.499207,109296300
1183,2021-09-15,148.559998,149.440002,146.369995,149.029999,148.405411,83281300
1184,2021-09-16,148.440002,148.970001,147.220001,148.789993,148.166397,68034100
1185,2021-09-17,148.820007,148.820007,145.759995,146.059998,145.447861,129868800
1186,2021-09-20,143.800003,144.839996,141.270004,142.940002,142.340927,123478900
1187,2021-09-21,143.929993,144.600006,142.779999,143.429993,142.828873,75834000
1188,2021-09-22,144.449997,146.429993,143.699997,145.850006,145.238739,76404300
1189,2021-09-23,146.649994,147.080002,145.639999,146.830002,146.21463,64838200
1190,2021-09-24,145.660004,147.470001,145.559998,146.919998,146.304245,53477900
1191,2021-09-27,145.470001,145.960007,143.820007,145.369995,144.760757,74150700
1192,2021-09-28,143.25,144.75,141.690002,141.910004,141.315262,108972300
1193,2021-09-29,142.470001,144.449997,142.029999,142.830002,142.2314,74602000
1194,2021-09-30,143.660004,144.380005,141.279999,141.5,140.906967,89056700
1195,2021-10-01,141.899994,142.919998,139.110001,142.649994,142.052139,94639600
1196,2021-10-04,141.759995,142.210007,138.270004,139.139999,138.556854,98322000
1197,2021-10-05,139.490005,142.240005,139.360001,141.110001,140.518616,80861100
1198,2021-10-06,139.470001,142.149994,138.369995,142.0,141.404877,83221100
1199,2021-10-07,143.059998,144.220001,142.720001,143.289993,142.689453,61732700
1200,2021-10-08,144.029999,144.179993,142.559998,142.899994,142.301086,58773200
1201,2021-10-11,142.270004,144.809998,141.809998,142.809998,142.211472,64452200
1202,2021-10-12,143.229996,143.25,141.039993,141.509995,140.916916,73035900
1203,2021-10-13,141.240005,141.399994,139.199997,140.910004,140.319443,78762700
1204,2021-10-14,142.110001,143.880005,141.509995,143.759995,143.157486,69907100
1205,2021-10-15,143.770004,144.899994,143.509995,144.839996,144.232971,67940300
1206,2021-10-18,143.449997,146.839996,143.160004,146.550003,145.935806,85589200
1207,2021-10-19,147.009995,149.169998,146.550003,148.759995,148.136536,76378900
1208,2021-10-20,148.699997,149.75,148.119995,149.259995,148.634445,58418800
1209,2021-10-21,148.809998,149.639999,147.869995,149.479996,148.853531,61421000
1210,2021-10-22,149.690002,150.179993,148.639999,148.690002,148.066849,58883400
1211,2021-10-25,148.679993,149.369995,147.619995,148.639999,148.017044,50720600
1212,2021-10-26,149.330002,150.839996,149.009995,149.320007,148.694199,60893400
1213,2021-10-27,149.360001,149.729996,148.490005,148.850006,148.226166,56094900
1214,2021-10-28,149.820007,153.169998,149.720001,152.570007,151.930588,100077900
1215,2021-10-29,147.220001,149.940002,146.410004,149.800003,149.17218,124953200
1216,2021-11-01,148.990005,149.699997,147.800003,148.960007,148.335709,74588300
1217,2021-11-02,148.660004,151.570007,148.649994,150.020004,149.391266,69122000
1218,2021-11-03,150.389999,151.970001,149.820007,151.490005,150.855103,54511500
1219,2021-11-04,151.580002,152.429993,150.639999,150.960007,150.327316,60394600
1220,2021-11-05,151.889999,152.199997,150.059998,151.279999,150.865845,65463900
1221,2021-11-08,151.410004,151.570007,150.160004,150.440002,150.028152,55020900
1222,2021-11-09,150.199997,151.429993,150.059998,150.809998,150.397125,56787900
1223,2021-11-10,150.020004,150.130005,147.850006,147.919998,147.515045,65187100
1224,2021-11-11,148.960007,149.429993,147.679993,147.869995,147.465179,41000000
1225,2021-11-12,148.429993,150.399994,147.479996,149.990005,149.579376,63804000
1226,2021-11-15,150.369995,151.880005,149.429993,150.0,149.58934,59222800
1227,2021-11-16,149.940002,151.490005,149.339996,151.0,150.586609,59256200
1228,2021-11-17,151.0,155.0,150.990005,153.490005,153.069794,88807000
1229,2021-11-18,153.710007,158.669998,153.050003,157.869995,157.43779,137827700
1230,2021-11-19,157.649994,161.020004,156.529999,160.550003,160.110474,117305600
1231,2021-11-22,161.679993,165.699997,161.0,161.020004,160.579178,117467900
1232,2021-11-23,161.119995,161.800003,159.059998,161.410004,160.968109,96041900
1233,2021-11-24,160.75,162.139999,159.639999,161.940002,161.496674,69463600
1234,2021-11-26,159.570007,160.449997,156.360001,156.809998,156.380707,76959800
1235,2021-11-29,159.369995,161.190002,158.789993,160.240005,159.801315,88748200
1236,2021-11-30,159.990005,165.520004,159.919998,165.300003,164.847473,174048100
1237,2021-12-01,167.479996,170.300003,164.529999,164.770004,164.318924,152052500
1238,2021-12-02,158.740005,164.199997,157.800003,163.759995,163.311676,136739200
1239,2021-12-03,164.020004,164.960007,159.720001,161.839996,161.396927,118023100
1240,2021-12-06,164.289993,167.880005,164.279999,165.320007,164.867416,107497000
1241,2021-12-07,169.080002,171.580002,168.339996,171.179993,170.711349,120405400
1242,2021-12-08,172.130005,175.960007,170.699997,175.080002,174.600693,116998900
1243,2021-12-09,174.910004,176.75,173.919998,174.559998,174.082108,108923700
1244,2021-12-10,175.210007,179.630005,174.690002,179.449997,178.958725,115402700
1245,2021-12-13,181.119995,182.130005,175.529999,175.740005,175.258881,153237000
1246,2021-12-14,175.25,177.740005,172.210007,174.330002,173.852753,139380400
1247,2021-12-15,175.110001,179.5,172.309998,179.300003,178.809143,131063300
1248,2021-12-16,179.279999,181.139999,170.75,172.259995,171.788406,150185800
1249,2021-12-17,169.929993,173.470001,169.690002,171.139999,170.671478,195432700
1250,2021-12-20,168.279999,170.580002,167.460007,169.75,169.285278,107499100
1251,2021-12-21,171.559998,173.199997,169.119995,172.990005,172.516403,91185900
1252,2021-12-22,173.039993,175.860001,172.149994,175.639999,175.159149,92135300
1253,2021-12-23,175.850006,176.850006,175.270004,176.279999,175.797409,68356600
1254,2021-12-27,177.089996,180.419998,177.070007,180.330002,179.836319,74919600
1255,2021-12-28,180.160004,181.330002,178.529999,179.289993,178.799149,79144300
1256,2021-12-29,179.330002,180.630005,178.139999,179.380005,178.888916,62348900
1257,2021-12-30,179.470001,180.570007,178.089996,178.199997,177.712143,59773000
1258,2021-12-31,178.089996,179.229996,177.259995,177.570007,177.083878,64062300
1259,2022-01-03,177.830002,182.880005,177.710007,182.009995,181.511703,104487900
1260,2022-01-04,182.630005,182.940002,179.119995,179.699997,179.208038,99310400
1261,2022-01-05,179.610001,180.169998,174.639999,174.919998,174.441116,94537600
1262,2022-01-06,172.699997,175.300003,171.639999,172.0,171.529129,96904000
1263,2022-01-07,172.889999,174.139999,171.029999,172.169998,171.698654,86709100
1264,2022-01-10,169.080002,172.5,168.169998,172.190002,171.718597,106765600
1265,2022-01-11,172.320007,175.179993,170.820007,175.080002,174.600693,76138300
1266,2022-01-12,176.119995,177.179993,174.820007,175.529999,175.049454,74805200
1267,2022-01-13,175.779999,176.619995,171.789993,172.190002,171.718597,84505800
1268,2022-01-14,171.339996,173.779999,171.089996,173.070007,172.596207,80440800
1269,2022-01-18,171.509995,172.539993,169.410004,169.800003,169.335144,90956700
1270,2022-01-19,170.0,171.080002,165.940002,166.229996,165.774918,94815000
1271,2022-01-20,166.979996,169.679993,164.179993,164.509995,164.059616,91420500
1272,2022-01-21,164.419998,166.330002,162.300003,162.410004,161.965378,122848900
1273,2022-01-24,160.020004,162.300003,154.699997,161.619995,161.177521,162294600
1274,2022-01-25,158.979996,162.759995,157.020004,159.779999,159.342575,115798400
1275,2022-01-26,163.5,164.389999,157.820007,159.690002,159.252823,108275300
1276,2022-01-27,162.449997,163.839996,158.279999,159.220001,158.784119,121954600
1277,2022-01-28,165.710007,170.350006,162.800003,170.330002,169.863693,179935700
1278,2022-01-31,170.160004,175.0,169.509995,174.779999,174.301514,115541600
1279,2022-02-01,174.009995,174.839996,172.309998,174.610001,174.131973,86213900
1280,2022-02-02,174.75,175.880005,173.330002,175.839996,175.358612,84914300
1281,2022-02-03,174.479996,176.240005,172.119995,172.899994,172.426651,89418100
1282,2022-02-04,171.679993,174.100006,170.679993,172.389999,172.137085,82465400
1283,2022-02-07,172.860001,173.949997,170.949997,171.660004,171.408157,77251200
1284,2022-02-08,171.729996,175.350006,171.429993,174.830002,174.573502,74829200
1285,2022-02-09,176.050003,176.649994,174.899994,176.279999,176.021378,71285000
1286,2022-02-10,174.139999,175.479996,171.550003,172.119995,171.867477,90865900
1287,2022-02-11,172.330002,173.080002,168.039993,168.639999,168.392593,98670700
1288,2022-02-14,167.369995,169.580002,166.559998,168.880005,168.632233,86185500
1289,2022-02-15,170.970001,172.949997,170.25,172.789993,172.536499,62527400
1290,2022-02-16,171.850006,173.339996,170.050003,172.550003,172.29686,61177400
1291,2022-02-17,171.029999,171.910004,168.470001,168.880005,168.632233,69589300
1292,2022-02-18,169.820007,170.539993,166.190002,167.300003,167.05455,82772700
1293,2022-02-22,164.979996,166.690002,162.149994,164.320007,164.078934,91162800
1294,2022-02-23,165.539993,166.149994,159.75,160.070007,159.835175,90009200
1295,2022-02-24,152.580002,162.850006,152.0,162.740005,162.501251,141147500
1296,2022-02-25,163.839996,165.119995,160.869995,164.850006,164.608154,91974200
1297,2022-02-28,163.059998,165.419998,162.429993,165.119995,164.877747,95056600
1298,2022-03-01,164.699997,166.600006,161.970001,163.199997,162.960571,83474400
1299,2022-03-02,164.389999,167.360001,162.949997,166.559998,166.315643,79724800
1300,2022-03-03,168.470001,168.910004,165.550003,166.229996,165.986115,76678400
1301,2022-03-04,164.490005,165.550003,162.100006,163.169998,162.930603,83737200
1302,2022-03-07,163.360001,165.020004,159.039993,159.300003,159.066299,96418800
1303,2022-03-08,158.820007,162.880005,155.800003,157.440002,157.209015,131148300
1304,2022-03-09,161.479996,163.410004,159.410004,162.949997,162.710938,91454900
1305,2022-03-10,160.199997,160.389999,155.979996,158.520004,158.287445,105342000
1306,2022-03-11,158.929993,159.279999,154.5,154.729996,154.502991,96970100
1307,2022-03-14,151.449997,154.119995,150.100006,150.619995,150.399017,108732100
1308,2022-03-15,150.899994,155.570007,150.380005,155.089996,154.862457,92964300
1309,2022-03-16,157.050003,160.0,154.460007,159.589996,159.355865,102300200
1310,2022-03-17,158.610001,161.0,157.630005,160.619995,160.384354,75615400
1311,2022-03-18,160.509995,164.479996,159.759995,163.979996,163.739426,123511700
1312,2022-03-21,163.509995,166.350006,163.009995,165.380005,165.137375,95811400
1313,2022-03-22,165.509995,169.419998,164.910004,168.820007,168.572327,81532000
1314,2022-03-23,167.990005,172.639999,167.649994,170.210007,169.960297,98062700
1315,2022-03-24,171.059998,174.139999,170.210007,174.070007,173.814621,90131400
1316,2022-03-25,173.880005,175.279999,172.75,174.720001,174.463669,80546200
1317,2022-03-28,172.169998,175.729996,172.0,175.600006,175.342377,90371900
1318,2022-03-29,176.690002,179.009995,176.339996,178.960007,178.697449,100589400
1319,2022-03-30,178.550003,179.610001,176.699997,177.770004,177.509201,92633200
1320,2022-03-31,177.839996,178.029999,174.399994,174.610001,174.353836,103049300
1321,2022-04-01,174.029999,174.880005,171.940002,174.309998,174.05426,78751300
1322,2022-04-04,174.570007,178.490005,174.440002,178.440002,178.178207,76468400
1323,2022-04-05,177.5,178.300003,174.419998,175.059998,174.803162,73401800
1324,2022-04-06,172.360001,173.630005,170.130005,171.830002,171.577911,89058800
1325,2022-04-07,171.160004,173.360001,169.850006,172.139999,171.887451,77594700
1326,2022-04-08,171.779999,171.779999,169.199997,170.089996,169.840454,76575500
1327,2022-04-11,168.710007,169.029999,165.5,165.75,165.506821,72246700
1328,2022-04-12,168.020004,169.869995,166.639999,167.660004,167.414032,79265200
1329,2022-04-13,167.389999,171.039993,166.770004,170.399994,170.149994,70618900
1330,2022-04-14,170.619995,171.270004,165.039993,165.289993,165.047501,75329400
1331,2022-04-18,163.919998,166.600006,163.570007,165.070007,164.827835,69023900
1332,2022-04-19,165.020004,167.820007,163.910004,167.399994,167.154404,67723800
1333,2022-04-20,168.759995,168.880005,166.100006,167.229996,166.98465,67929800
1334,2022-04-21,168.910004,171.529999,165.910004,166.419998,166.175842,87227800
1335,2022-04-22,166.460007,167.869995,161.5,161.789993,161.552628,84882400
1336,2022-04-25,161.119995,163.169998,158.460007,162.880005,162.641037,96046400
1337,2022-04-26,162.25,162.339996,156.720001,156.800003,156.569962,95623200
1338,2022-04-27,155.910004,159.789993,155.380005,156.570007,156.340302,88063200
1339,2022-04-28,159.25,164.520004,158.929993,163.639999,163.399918,130216800
1340,2022-04-29,161.839996,166.199997,157.25,157.649994,157.418701,131587100
1341,2022-05-02,156.710007,158.229996,153.270004,157.960007,157.728256,123055300
1342,2022-05-03,158.149994,160.710007,156.320007,159.479996,159.246017,88966500
1343,2022-05-04,159.669998,166.479996,159.259995,166.020004,165.776428,108256500
1344,2022-05-05,163.850006,164.080002,154.949997,156.770004,156.540009,130525300
1345,2022-05-06,156.009995,159.440002,154.179993,157.279999,157.279999,116055700
1346,2022-05-09,154.929993,155.830002,151.490005,152.059998,152.059998,131577900
1347,2022-05-10,155.520004,156.740005,152.929993,154.509995,154.509995,115366700
1348,2022-05-11,153.5,155.449997,145.809998,146.5,146.5,142689800
1349,2022-05-12,142.770004,146.199997,138.800003,142.559998,142.559998,182602000
1350,2022-05-13,144.589996,148.100006,143.110001,147.110001,147.110001,113787000
1351,2022-05-16,145.550003,147.520004,144.179993,145.539993,145.539993,86541200
